a0_sys_sector,acos2_sys_sector,acos_sys_sector,pt2_bin,q2_bin,x_bin,z_bin
0.0,0.0,0.0,0,0,0,0
0.0,0.0,0.0,1,0,0,0
0.0,0.0,0.0,2,0,0,0
0.0,0.0,0.0,3,0,0,0
0.0,0.0,0.0,4,0,0,0
0.0,0.0,0.0,5,0,0,0
0.0,0.0,0.0,6,0,0,0
0.0,0.0,0.0,7,0,0,0
0.0,0.0,0.0,8,0,0,0
0.0,0.0,0.0,9,0,0,0
0.0,0.0,0.0,10,0,0,0
0.0,0.0,0.0,11,0,0,0
0.0,0.0,0.0,12,0,0,0
0.0,0.0,0.0,13,0,0,0
0.0,0.0,0.0,14,0,0,0
0.0,0.0,0.0,15,0,0,0
0.0,0.0,0.0,16,0,0,0
0.0,0.0,0.0,17,0,0,0
0.0,0.0,0.0,18,0,0,0
0.0,0.0,0.0,19,0,0,0
6944.788217326018,0.02989288143867511,0.02435162625575608,0,0,0,1
1450.740642471777,0.01544492691400404,0.006545928192763276,1,0,0,1
147.49698741820293,0.0,0.022372347184904277,2,0,0,1
15.770575330312088,0.018618022303092435,0.13415126642349792,3,0,0,1
0.0,0.0,0.0,4,0,0,1
0.0,0.0,0.0,5,0,0,1
0.0,0.0,0.0,6,0,0,1
0.0,0.0,0.0,7,0,0,1
0.0,0.0,0.0,8,0,0,1
0.0,0.0,0.0,9,0,0,1
0.0,0.0,0.0,10,0,0,1
0.0,0.0,0.0,11,0,0,1
0.0,0.0,0.0,12,0,0,1
0.0,0.0,0.0,13,0,0,1
0.0,0.0,0.0,14,0,0,1
0.0,0.0,0.0,15,0,0,1
0.0,0.0,0.0,16,0,0,1
0.0,0.0,0.0,17,0,0,1
0.0,0.0,0.0,18,0,0,1
0.0,0.0,0.0,19,0,0,1
0.0,0.0,0.0,0,0,0,2
2366.2051035324725,0.011822397180171536,0.037082931667000954,1,0,0,2
1151.762811904174,0.0,0.0,2,0,0,2
447.5810203915835,0.018720911348759597,0.0,3,0,0,2
191.57993712531606,0.0,0.010637440992541368,4,0,0,2
51.722503018412354,0.0,0.0,5,0,0,2
19.69568799993081,0.0,0.01648669664789128,6,0,0,2
0.0,0.0,0.0,7,0,0,2
0.0,0.0,0.0,8,0,0,2
0.0,0.0,0.0,9,0,0,2
0.0,0.0,0.0,10,0,0,2
0.0,0.0,0.0,11,0,0,2
0.0,0.0,0.0,12,0,0,2
0.0,0.0,0.0,13,0,0,2
0.0,0.0,0.0,14,0,0,2
0.0,0.0,0.0,15,0,0,2
0.0,0.0,0.0,16,0,0,2
0.0,0.0,0.0,17,0,0,2
0.0,0.0,0.0,18,0,0,2
0.0,0.0,0.0,19,0,0,2
92206.50418426938,0.0,0.0,0,0,0,3
2094.5936011884455,0.09453133723124842,0.144778274151651,1,0,0,3
962.6238188882436,0.00885491243894018,0.004758366495593526,2,0,0,3
607.9560428505678,0.019188403075301456,0.0,3,0,0,3
422.9931246571292,0.021154757439042715,0.0,4,0,0,3
243.4795576049034,0.0,0.01118743830613273,5,0,0,3
96.83583272113972,0.0,0.0,6,0,0,3
41.9649830302364,0.0,0.0,7,0,0,3
36.3515792247794,0.04641136333760673,0.06352332290267398,8,0,0,3
0.0,0.0,0.0,9,0,0,3
0.0,0.0,0.0,10,0,0,3
0.0,0.0,0.0,11,0,0,3
0.0,0.0,0.0,12,0,0,3
0.0,0.0,0.0,13,0,0,3
0.0,0.0,0.0,14,0,0,3
0.0,0.0,0.0,15,0,0,3
0.0,0.0,0.0,16,0,0,3
0.0,0.0,0.0,17,0,0,3
0.0,0.0,0.0,18,0,0,3
0.0,0.0,0.0,19,0,0,3
0.0,0.0,0.0,0,0,0,4
8052.35365533427,3.4038810251905476,15.245358357591345,1,0,0,4
1037.4984463548233,0.0,0.0,2,0,0,4
662.8547556894363,0.0,0.0,3,0,0,4
440.4102168266623,0.0,0.024796591649265717,4,0,0,4
352.29870034345055,0.0,0.0,5,0,0,4
183.19095143325444,0.0,0.03286602370937432,6,0,0,4
47.046497690474126,0.09228805270989834,0.029984078855432247,7,0,0,4
46.91174359301696,0.0,0.05061794766493658,8,0,0,4
34.8174544339376,0.0,0.0629932955951589,9,0,0,4
30.5069433720417,0.19041650996371418,0.0,10,0,0,4
17.462574191804034,0.1499962322996462,0.109635880332672,11,0,0,4
0.0,0.0,0.0,12,0,0,4
0.0,0.0,0.0,13,0,0,4
0.0,0.0,0.0,14,0,0,4
0.0,0.0,0.0,15,0,0,4
0.0,0.0,0.0,16,0,0,4
0.0,0.0,0.0,17,0,0,4
0.0,0.0,0.0,18,0,0,4
0.0,0.0,0.0,19,0,0,4
0.0,0.0,0.0,0,0,0,5
8108.4672311082695,0.0,0.0,1,0,0,5
0.0,0.0,0.0,2,0,0,5
1248.9969301928138,0.12309793905773686,0.2731065857136294,3,0,0,5
284.97248303571945,0.0,0.0,4,0,0,5
79.76822347083765,0.0,0.03334597609318252,5,0,0,5
182.40255260290851,0.0,0.0,6,0,0,5
64.86569316222378,0.0,0.026224918756071122,7,0,0,5
39.923565779321926,0.0,0.024309175625910433,8,0,0,5
0.0,0.0,0.03615903956751897,9,0,0,5
0.0,0.05838787476247523,0.0,10,0,0,5
24.55259433205811,0.078996599322305,0.0,11,0,0,5
20.482665216739203,0.0,0.29755315277554845,12,0,0,5
0.0,0.0,0.0,13,0,0,5
0.0,0.0,0.0,14,0,0,5
0.0,0.0,0.0,15,0,0,5
0.0,0.0,0.0,16,0,0,5
0.0,0.0,0.0,17,0,0,5
0.0,0.0,0.0,18,0,0,5
0.0,0.0,0.0,19,0,0,5
0.0,0.0,0.0,0,0,0,6
0.0,0.0,0.0,1,0,0,6
818.6568943143618,0.0,0.0,2,0,0,6
0.0,0.0,0.0,3,0,0,6
373.158312454054,0.13781193964605373,0.2037516708202908,4,0,0,6
216.5026056632738,0.0,0.19866975183246113,5,0,0,6
0.0,0.009748937707554564,0.0,6,0,0,6
85.06829151953144,0.03215561596231135,0.021758797427382973,7,0,0,6
116.53639929711926,0.0,0.0,8,0,0,6
42.113315619550555,0.0,0.10764724303480781,9,0,0,6
39.33634268292367,0.0,0.0,10,0,0,6
0.0,0.0,0.0,11,0,0,6
35.36983246473949,0.0,0.19656811378976313,12,0,0,6
0.0,0.1637926017807779,0.18182188148452147,13,0,0,6
13.44077781787144,0.0,0.0,14,0,0,6
0.0,0.0,0.0,15,0,0,6
0.0,0.0,0.0,16,0,0,6
0.0,0.0,0.0,17,0,0,6
0.0,0.0,0.0,18,0,0,6
0.0,0.0,0.0,19,0,0,6
1423247.560061445,0.0,0.0,0,0,0,7
0.0,0.0,0.0,1,0,0,7
0.0,0.0,0.0,2,0,0,7
1709.703013540416,0.0,0.0,3,0,0,7
1410.10905882899,0.0,0.0,4,0,0,7
665.1962916193002,0.0,0.3161911156048728,5,0,0,7
172.40758104405285,0.0,0.09755752263487504,6,0,0,7
112.25371428385372,0.0,0.25779211651316974,7,0,0,7
0.0,0.0,0.09269826559023778,8,0,0,7
14.881310587944357,0.0,0.15983122315724652,9,0,0,7
12.104392018978203,0.0,0.11837096896612012,10,0,0,7
37.97851267719271,0.0,0.0,11,0,0,7
48.137979018949515,0.20649078736873222,0.0,12,0,0,7
19.33463963577177,0.0,0.0,13,0,0,7
0.0,0.0,0.0,14,0,0,7
0.0,0.0,0.0,15,0,0,7
0.0,0.0,0.0,16,0,0,7
0.0,0.0,0.0,17,0,0,7
0.0,0.0,0.0,18,0,0,7
0.0,0.0,0.0,19,0,0,7
0.0,0.0,0.0,0,0,0,8
0.0,0.0,0.0,1,0,0,8
1616.5847960547808,0.0,0.0,2,0,0,8
836.6430141584503,0.0,0.0,3,0,0,8
415.4552948319869,0.0,0.0,4,0,0,8
0.0,0.0,0.0,5,0,0,8
0.0,0.0,0.0,6,0,0,8
0.0,0.1632464470876754,0.0,7,0,0,8
70.10824762251809,0.06049006529756869,0.1998497968127677,8,0,0,8
54.38686937245469,0.12539439484882228,0.0,9,0,0,8
6.985909782912864,0.24986046813708773,0.41315157832741656,10,0,0,8
0.0,0.08424098441037782,0.2347919957910901,11,0,0,8
0.0,0.0,0.0,12,0,0,8
0.0,0.0,0.1787176493355682,13,0,0,8
0.0,0.0,0.0,14,0,0,8
0.0,0.0,0.0,15,0,0,8
0.0,0.0,0.0,16,0,0,8
0.0,0.0,0.0,17,0,0,8
0.0,0.0,0.0,18,0,0,8
0.0,0.0,0.0,19,0,0,8
0.0,0.0,0.0,0,0,0,9
0.0,0.0,0.0,1,0,0,9
0.0,0.0,0.0,2,0,0,9
0.0,0.0,0.0,3,0,0,9
554.454049380369,0.0,0.0,4,0,0,9
534.6614588247637,0.0,0.0,5,0,0,9
699.7534460053818,0.0,0.0,6,0,0,9
232.5287344953454,0.0,0.0,7,0,0,9
0.0,0.0,0.0,8,0,0,9
0.0,0.0,0.3531779458846701,9,0,0,9
55.673042928102745,0.3100113387041181,0.22285545712982013,10,0,0,9
0.0,0.05297552248472022,0.0,11,0,0,9
0.0,0.16712766534905757,0.20979079194339864,12,0,0,9
0.0,0.0,0.0,13,0,0,9
0.0,0.0,0.0,14,0,0,9
0.0,0.0,0.0,15,0,0,9
0.0,0.0,0.0,16,0,0,9
0.0,0.0,0.0,17,0,0,9
0.0,0.0,0.0,18,0,0,9
0.0,0.0,0.0,19,0,0,9
0.0,0.0,0.0,0,0,0,10
0.0,0.0,0.0,1,0,0,10
0.0,0.0,0.0,2,0,0,10
1869.7981711430177,0.0,0.0,3,0,0,10
560.0392321723351,0.0,0.0,4,0,0,10
355.37542493760196,0.0,0.0,5,0,0,10
0.0,0.0,0.0,6,0,0,10
413.5898604582697,0.0,0.0,7,0,0,10
0.0,0.0,0.0,8,0,0,10
0.0,0.0,0.0,9,0,0,10
0.0,0.2836528577483895,0.0,10,0,0,10
0.0,0.0,0.0,11,0,0,10
0.0,0.3955814140006717,0.28926852977223544,12,0,0,10
0.0,0.0,0.0,13,0,0,10
9.225960729750845,0.11254607477870376,0.0,14,0,0,10
0.0,0.0,0.0,15,0,0,10
0.0,0.0,0.0,16,0,0,10
0.0,0.0,0.0,17,0,0,10
0.0,0.0,0.0,18,0,0,10
0.0,0.0,0.0,19,0,0,10
0.0,0.0,0.0,0,0,0,11
0.0,0.0,0.0,1,0,0,11
0.0,0.0,0.0,2,0,0,11
0.0,0.0,0.0,3,0,0,11
364.149639119319,0.0,0.0,4,0,0,11
0.0,0.0,0.0,5,0,0,11
0.0,0.0,0.0,6,0,0,11
0.0,0.0,0.0,7,0,0,11
0.0,0.0,0.0,8,0,0,11
170.9951451220764,0.0,0.0,9,0,0,11
0.0,0.0,0.0,10,0,0,11
0.0,0.0,0.0,11,0,0,11
0.0,0.0,0.0,12,0,0,11
0.0,0.0,0.0,13,0,0,11
0.0,0.0,0.0,14,0,0,11
0.0,0.0,0.0,15,0,0,11
0.0,0.0,0.0,16,0,0,11
0.0,0.0,0.0,17,0,0,11
0.0,0.0,0.0,18,0,0,11
0.0,0.0,0.0,19,0,0,11
0.0,0.0,0.0,0,0,0,12
0.0,0.0,0.0,1,0,0,12
0.0,0.0,0.0,2,0,0,12
0.0,0.0,0.0,3,0,0,12
0.0,0.0,0.0,4,0,0,12
0.0,0.0,0.0,5,0,0,12
0.0,0.0,0.0,6,0,0,12
0.0,0.0,0.0,7,0,0,12
160.07618086327264,0.0,0.0,8,0,0,12
48.48461997198978,0.0,0.0,9,0,0,12
0.0,0.0,0.0,10,0,0,12
0.0,0.0,0.0,11,0,0,12
0.0,0.0,0.0,12,0,0,12
0.0,0.0,0.0,13,0,0,12
0.0,0.0,0.0,14,0,0,12
0.0,0.0,0.0,15,0,0,12
0.0,0.0,0.0,16,0,0,12
0.0,0.0,0.0,17,0,0,12
0.0,0.0,0.0,18,0,0,12
0.0,0.0,0.0,19,0,0,12
0.0,0.0,0.0,0,0,0,13
0.0,0.0,0.0,1,0,0,13
0.0,0.0,0.0,2,0,0,13
0.0,0.0,0.0,3,0,0,13
0.0,0.0,0.0,4,0,0,13
0.0,0.0,0.0,5,0,0,13
0.0,0.0,0.0,6,0,0,13
0.0,0.0,0.0,7,0,0,13
0.0,0.0,0.0,8,0,0,13
0.0,0.0,0.0,9,0,0,13
0.0,0.0,0.0,10,0,0,13
0.0,0.0,0.0,11,0,0,13
0.0,0.0,0.0,12,0,0,13
0.0,0.0,0.0,13,0,0,13
0.0,0.0,0.0,14,0,0,13
0.0,0.0,0.0,15,0,0,13
0.0,0.0,0.0,16,0,0,13
0.0,0.0,0.0,17,0,0,13
0.0,0.0,0.0,18,0,0,13
0.0,0.0,0.0,19,0,0,13
107216.97436093846,0.0,0.0,0,0,0,14
0.0,0.0,0.0,1,0,0,14
0.0,0.0,0.0,2,0,0,14
0.0,0.0,0.0,3,0,0,14
0.0,0.0,0.0,4,0,0,14
0.0,0.0,0.0,5,0,0,14
0.0,0.0,0.0,6,0,0,14
0.0,0.0,0.0,7,0,0,14
0.0,0.0,0.0,8,0,0,14
0.0,0.0,0.0,9,0,0,14
0.0,0.0,0.0,10,0,0,14
0.0,0.0,0.0,11,0,0,14
0.0,0.0,0.0,12,0,0,14
0.0,0.0,0.0,13,0,0,14
0.0,0.0,0.0,14,0,0,14
0.0,0.0,0.0,15,0,0,14
0.0,0.0,0.0,16,0,0,14
0.0,0.0,0.0,17,0,0,14
0.0,0.0,0.0,18,0,0,14
0.0,0.0,0.0,19,0,0,14
0.0,0.0,0.0,0,0,0,15
79824.74847677845,0.0,0.0,1,0,0,15
0.0,0.0,0.0,2,0,0,15
0.0,0.0,0.0,3,0,0,15
0.0,0.0,0.0,4,0,0,15
0.0,0.0,0.0,5,0,0,15
0.0,0.0,0.0,6,0,0,15
0.0,2597.387408334509,2259.011257723734,7,0,0,15
0.0,0.0,0.0,8,0,0,15
0.0,0.0,0.0,9,0,0,15
0.0,0.0,0.0,10,0,0,15
0.0,0.0,0.0,11,0,0,15
0.0,0.0,0.0,12,0,0,15
0.0,0.0,0.0,13,0,0,15
0.0,0.0,0.0,14,0,0,15
0.0,0.0,0.0,15,0,0,15
0.0,0.0,0.0,16,0,0,15
0.0,0.0,0.0,17,0,0,15
0.0,0.0,0.0,18,0,0,15
0.0,0.0,0.0,19,0,0,15
0.0,0.0,0.0,0,0,0,16
0.0,0.0,18.98453783955107,1,0,0,16
0.0,0.0,0.0,2,0,0,16
0.0,0.0,0.0,3,0,0,16
0.0,0.0,0.0,4,0,0,16
0.0,0.0,0.0,5,0,0,16
0.0,0.0,0.0,6,0,0,16
0.0,0.0,0.0,7,0,0,16
0.0,0.0,0.0,8,0,0,16
0.0,0.0,0.0,9,0,0,16
0.0,0.0,0.0,10,0,0,16
0.0,0.0,0.0,11,0,0,16
0.0,0.0,0.0,12,0,0,16
0.0,0.0,0.0,13,0,0,16
0.0,0.0,0.0,14,0,0,16
0.0,0.0,0.0,15,0,0,16
0.0,0.0,0.0,16,0,0,16
0.0,0.0,0.0,17,0,0,16
0.0,0.0,0.0,18,0,0,16
0.0,0.0,0.0,19,0,0,16
0.0,0.0,0.0,0,0,0,17
0.0,0.0,0.0,1,0,0,17
0.0,0.0,0.0,2,0,0,17
0.0,0.0,0.0,3,0,0,17
0.0,0.0,0.0,4,0,0,17
0.0,0.0,0.0,5,0,0,17
0.0,0.0,0.0,6,0,0,17
0.0,0.0,0.0,7,0,0,17
0.0,0.0,0.0,8,0,0,17
0.0,0.0,0.0,9,0,0,17
0.0,0.0,0.0,10,0,0,17
0.0,0.0,0.0,11,0,0,17
0.0,0.0,0.0,12,0,0,17
0.0,0.0,0.0,13,0,0,17
0.0,0.0,0.0,14,0,0,17
0.0,0.0,0.0,15,0,0,17
0.0,0.0,0.0,16,0,0,17
0.0,0.0,0.0,17,0,0,17
0.0,0.0,0.0,18,0,0,17
0.0,0.0,0.0,19,0,0,17
0.0,0.0,0.0,0,1,0,0
0.0,0.0,0.0,1,1,0,0
0.0,0.0,0.0,2,1,0,0
0.0,0.0,0.0,3,1,0,0
0.0,0.0,0.0,4,1,0,0
0.0,0.0,0.0,5,1,0,0
0.0,0.0,0.0,6,1,0,0
0.0,0.0,0.0,7,1,0,0
0.0,0.0,0.0,8,1,0,0
0.0,0.0,0.0,9,1,0,0
0.0,0.0,0.0,10,1,0,0
0.0,0.0,0.0,11,1,0,0
0.0,0.0,0.0,12,1,0,0
0.0,0.0,0.0,13,1,0,0
0.0,0.0,0.0,14,1,0,0
0.0,0.0,0.0,15,1,0,0
0.0,0.0,0.0,16,1,0,0
0.0,0.0,0.0,17,1,0,0
0.0,0.0,0.0,18,1,0,0
0.0,0.0,0.0,19,1,0,0
401.6893015960436,0.031131657000252475,0.04103015113844466,0,1,0,1
133.06212638193767,0.008401109218201083,0.01260342198389901,1,1,0,1
13.058412097087428,0.012010317711124567,0.01566817965366924,2,1,0,1
3.9492822977931037,0.08272162584326516,0.0,3,1,0,1
0.0,0.0,0.0,4,1,0,1
0.0,0.0,0.0,5,1,0,1
0.0,0.0,0.0,6,1,0,1
0.0,0.0,0.0,7,1,0,1
0.0,0.0,0.0,8,1,0,1
0.0,0.0,0.0,9,1,0,1
0.0,0.0,0.0,10,1,0,1
0.0,0.0,0.0,11,1,0,1
0.0,0.0,0.0,12,1,0,1
0.0,0.0,0.0,13,1,0,1
0.0,0.0,0.0,14,1,0,1
0.0,0.0,0.0,15,1,0,1
0.0,0.0,0.0,16,1,0,1
0.0,0.0,0.0,17,1,0,1
0.0,0.0,0.0,18,1,0,1
0.0,0.0,0.0,19,1,0,1
0.0,0.0,0.0,0,1,0,2
226.02856191902978,0.017581306198667258,0.05252420696502257,1,1,0,2
30.666215036365298,0.0,0.0,2,1,0,2
43.26023098586963,0.0,0.0180350483361712,3,1,0,2
43.44105705528129,0.0,0.0,4,1,0,2
9.160469798754741,0.0,0.0,5,1,0,2
6.060167120151805,0.0,0.0,6,1,0,2
0.0,0.0,0.0,7,1,0,2
0.0,0.0,0.0,8,1,0,2
0.0,0.0,0.0,9,1,0,2
0.0,0.0,0.0,10,1,0,2
0.0,0.0,0.0,11,1,0,2
0.0,0.0,0.0,12,1,0,2
0.0,0.0,0.0,13,1,0,2
0.0,0.0,0.0,14,1,0,2
0.0,0.0,0.0,15,1,0,2
0.0,0.0,0.0,16,1,0,2
0.0,0.0,0.0,17,1,0,2
0.0,0.0,0.0,18,1,0,2
0.0,0.0,0.0,19,1,0,2
0.0,0.0,0.0,0,1,0,3
429.0259112376777,0.0,0.1973836478932888,1,1,0,3
172.96023708016858,0.016264091785044583,0.030781348630244197,2,1,0,3
117.97952073076398,0.041831180049623946,0.010308266031550292,3,1,0,3
0.0,0.033790058307853824,0.02544576450923128,4,1,0,3
10.641557153647781,0.0,0.0,5,1,0,3
15.532553050601111,0.043350184659472414,0.022607901430601884,6,1,0,3
12.449245136162515,0.0,0.0,7,1,0,3
0.0,0.0,0.12406767132847583,8,1,0,3
0.0,0.0,0.0,9,1,0,3
0.0,0.0,0.0,10,1,0,3
0.0,0.0,0.0,11,1,0,3
0.0,0.0,0.0,12,1,0,3
0.0,0.0,0.0,13,1,0,3
0.0,0.0,0.0,14,1,0,3
0.0,0.0,0.0,15,1,0,3
0.0,0.0,0.0,16,1,0,3
0.0,0.0,0.0,17,1,0,3
0.0,0.0,0.0,18,1,0,3
0.0,0.0,0.0,19,1,0,3
0.0,0.0,0.0,0,1,0,4
1450.9690398146472,0.0,0.0,1,1,0,4
231.66637142342415,0.07397766199605156,0.19729701414869782,2,1,0,4
0.0,0.0,0.0182839135503689,3,1,0,4
29.33903507691855,0.0,0.0,4,1,0,4
57.79116663855104,0.006812194298991886,0.0,5,1,0,4
0.0,0.0,0.04526552219890524,6,1,0,4
0.0,0.0,0.0695639791124184,7,1,0,4
18.41610960876002,0.0,0.037539402523202946,8,1,0,4
6.131725598955041,0.11144151016000932,0.10670537969949424,9,1,0,4
0.0,0.014295783848248129,0.0,10,1,0,4
8.060030571914988,0.16842281105192544,0.15198212691021268,11,1,0,4
0.0,0.0,0.0,12,1,0,4
0.0,0.09725445723119677,0.0,13,1,0,4
0.0,0.0,0.0,14,1,0,4
0.0,0.0,0.0,15,1,0,4
0.0,0.0,0.0,16,1,0,4
0.0,0.0,0.0,17,1,0,4
0.0,0.0,0.0,18,1,0,4
0.0,0.0,0.0,19,1,0,4
0.0,0.0,0.0,0,1,0,5
0.0,0.0,0.0,1,1,0,5
547.1546268735616,0.0,0.0,2,1,0,5
0.0,0.0,0.0,3,1,0,5
46.22778988977565,0.0,0.0,4,1,0,5
0.0,0.0,0.0,5,1,0,5
46.78089349174205,0.0,0.026434212855996765,6,1,0,5
0.0,0.0,0.04782829641490456,7,1,0,5
0.0,0.04644455988264212,0.054410323556647607,8,1,0,5
0.0,0.17339980363195714,0.0,9,1,0,5
12.030223865606997,0.13825940185342642,0.0,10,1,0,5
0.0,0.12249504265536622,0.23001236230099556,11,1,0,5
0.0,0.1641439939127264,0.0,12,1,0,5
0.0,0.0,0.0,13,1,0,5
0.0,0.0,0.0,14,1,0,5
0.0,0.0,0.0,15,1,0,5
0.0,0.0,0.0,16,1,0,5
0.0,0.0,0.0,17,1,0,5
0.0,0.0,0.0,18,1,0,5
0.0,0.0,0.0,19,1,0,5
0.0,0.0,0.0,0,1,0,6
37933.68059576619,0.0,0.0,1,1,0,6
0.0,0.0,0.0,2,1,0,6
223.88217178455798,0.0,0.0,3,1,0,6
0.0,0.0,0.0,4,1,0,6
33.63993128380222,0.08680340655485015,0.0,5,1,0,6
14.464433210473967,0.07473343920722414,0.055136127220809246,6,1,0,6
0.0,0.0,0.0,7,1,0,6
17.872106915280888,0.0,0.12628997823081436,8,1,0,6
0.0,0.12867503654958704,0.10754974585902664,9,1,0,6
27.250571476669975,0.08604382659809277,0.08270484337349668,10,1,0,6
0.0,0.25178843310290616,0.33473835471624147,11,1,0,6
0.0,0.0,0.0,12,1,0,6
5.048108057741236,0.0,0.0,13,1,0,6
0.0,0.0,0.0,14,1,0,6
0.0,0.0,0.0,15,1,0,6
0.0,0.0,0.0,16,1,0,6
0.0,0.0,0.0,17,1,0,6
0.0,0.0,0.0,18,1,0,6
0.0,0.0,0.0,19,1,0,6
0.0,0.0,0.0,0,1,0,7
0.0,0.0,0.0,1,1,0,7
0.0,0.0,0.0,2,1,0,7
562.7546185352218,0.0,0.0,3,1,0,7
99.36569805749494,0.0,0.0,4,1,0,7
0.0,0.0,0.0,5,1,0,7
71.3222625331812,0.0,0.2563884358001353,6,1,0,7
11.583782463061429,0.0,0.09188151827443497,7,1,0,7
0.0,0.10646345911114616,0.0,8,1,0,7
19.60812402938144,0.0,0.06348859379850497,9,1,0,7
0.0,0.0,0.0,10,1,0,7
0.0,0.0,0.16480492990171083,11,1,0,7
0.0,0.0,0.0,12,1,0,7
0.0,0.0,0.0,13,1,0,7
0.0,0.0,0.0,14,1,0,7
0.0,0.0,0.0,15,1,0,7
0.0,0.0,0.0,16,1,0,7
0.0,0.0,0.0,17,1,0,7
0.0,0.0,0.0,18,1,0,7
0.0,0.0,0.0,19,1,0,7
0.0,0.0,0.0,0,1,0,8
82474.79796358975,0.0,0.0,1,1,0,8
0.0,0.0,0.0,2,1,0,8
0.0,0.0,0.0,3,1,0,8
348.8541342976343,0.0,0.0,4,1,0,8
188.49666977090013,0.0,0.0,5,1,0,8
0.0,0.0,0.0,6,1,0,8
0.0,0.0,0.0,7,1,0,8
0.0,0.0,0.0,8,1,0,8
0.0,0.0,0.0,9,1,0,8
0.0,0.0,0.16991689298747267,10,1,0,8
7.838108592108339,0.0,0.0,11,1,0,8
0.0,0.0,0.0,12,1,0,8
0.0,0.0,0.0,13,1,0,8
0.0,0.2140621906968738,0.0,14,1,0,8
0.0,0.0,0.0,15,1,0,8
0.0,0.0,0.0,16,1,0,8
0.0,0.0,0.0,17,1,0,8
0.0,0.0,0.0,18,1,0,8
0.0,0.0,0.0,19,1,0,8
0.0,0.0,0.0,0,1,0,9
0.0,0.0,0.0,1,1,0,9
14475.955011535274,0.0,0.0,2,1,0,9
833.105770078796,0.0,0.0,3,1,0,9
0.0,0.0,0.0,4,1,0,9
28.21974409059119,0.0,0.0,5,1,0,9
0.0,0.0,0.0,6,1,0,9
0.0,0.0,0.0,7,1,0,9
55.22024955258602,0.0,0.0,8,1,0,9
0.0,0.08489203255165215,0.0,9,1,0,9
1.7508373980654266,0.06395307916951212,0.0,10,1,0,9
0.0,0.0,0.0,11,1,0,9
0.0,0.0,0.06459800847252335,12,1,0,9
0.0,0.0,0.0,13,1,0,9
0.0,0.0,0.0,14,1,0,9
0.0,0.0,0.0,15,1,0,9
0.0,0.0,0.0,16,1,0,9
0.0,0.0,0.0,17,1,0,9
0.0,0.0,0.0,18,1,0,9
0.0,0.0,0.0,19,1,0,9
0.0,0.0,0.0,0,1,0,10
0.0,0.0,0.0,1,1,0,10
0.0,0.0,0.0,2,1,0,10
0.0,0.0,0.0,3,1,0,10
0.0,0.0,0.0,4,1,0,10
100.10929423316182,0.0,0.0,5,1,0,10
67.176845500751,0.0,0.0,6,1,0,10
159.67948791302723,0.0,0.0,7,1,0,10
0.0,0.0,0.0,8,1,0,10
0.0,0.0,0.0,9,1,0,10
0.0,0.0,0.0,10,1,0,10
0.0,0.0,0.0,11,1,0,10
0.0,0.0,0.0,12,1,0,10
0.0,0.0912312133150386,0.0,13,1,0,10
0.0,0.0,0.0,14,1,0,10
0.0,0.0,0.0,15,1,0,10
0.0,0.0,0.0,16,1,0,10
0.0,0.0,0.0,17,1,0,10
0.0,0.0,0.0,18,1,0,10
0.0,0.0,0.0,19,1,0,10
0.0,0.0,0.0,0,1,0,11
0.0,0.0,0.0,1,1,0,11
0.0,0.0,0.0,2,1,0,11
0.0,0.0,0.0,3,1,0,11
0.0,0.0,0.0,4,1,0,11
117.29499462953213,0.0,0.0,5,1,0,11
0.0,0.0,0.0,6,1,0,11
0.0,0.0,0.0,7,1,0,11
50.009191240436394,0.0,0.0,8,1,0,11
0.0,0.0,0.0,9,1,0,11
0.0,0.0,0.0,10,1,0,11
0.0,0.0,0.0,11,1,0,11
0.0,0.0,0.0,12,1,0,11
0.0,0.0,0.0,13,1,0,11
0.0,0.0,0.0,14,1,0,11
0.0,0.0,0.0,15,1,0,11
0.0,0.0,0.0,16,1,0,11
0.0,0.0,0.0,17,1,0,11
0.0,0.0,0.0,18,1,0,11
0.0,0.0,0.0,19,1,0,11
0.0,0.0,0.0,0,1,0,12
0.0,0.0,0.0,1,1,0,12
0.0,0.0,0.0,2,1,0,12
0.0,0.0,0.0,3,1,0,12
0.0,0.0,0.0,4,1,0,12
0.0,0.0,0.0,5,1,0,12
0.0,0.0,0.0,6,1,0,12
0.0,0.0,0.0,7,1,0,12
0.0,0.0,0.0,8,1,0,12
0.0,0.0,0.0,9,1,0,12
0.0,0.0,0.0,10,1,0,12
15.810500600739456,0.0,0.0,11,1,0,12
0.0,0.0,0.0,12,1,0,12
0.0,0.0,0.0,13,1,0,12
0.0,0.0,0.0,14,1,0,12
0.0,0.0,0.0,15,1,0,12
0.0,0.0,0.0,16,1,0,12
0.0,0.0,0.0,17,1,0,12
0.0,0.0,0.0,18,1,0,12
0.0,0.0,0.0,19,1,0,12
0.0,0.0,0.0,0,1,0,13
31023.354182997864,0.0,0.0,1,1,0,13
28740.946787506844,0.0,0.0,2,1,0,13
0.0,0.0,0.0,3,1,0,13
0.0,0.0,0.0,4,1,0,13
0.0,0.0,0.0,5,1,0,13
0.0,0.0,0.0,6,1,0,13
0.0,0.0,0.0,7,1,0,13
0.0,0.0,0.0,8,1,0,13
0.0,0.0,0.0,9,1,0,13
0.0,0.0,0.0,10,1,0,13
0.0,0.0,0.0,11,1,0,13
0.0,0.0,0.0,12,1,0,13
0.0,0.0,0.0,13,1,0,13
0.0,0.0,0.0,14,1,0,13
0.0,0.0,0.0,15,1,0,13
0.0,0.0,0.0,16,1,0,13
0.0,0.0,0.0,17,1,0,13
0.0,0.0,0.0,18,1,0,13
0.0,0.0,0.0,19,1,0,13
0.0,0.0,0.0,0,1,0,14
0.0,0.0,0.0,1,1,0,14
0.0,0.0,0.0,2,1,0,14
0.0,0.0,0.0,3,1,0,14
0.0,0.0,0.0,4,1,0,14
0.0,0.0,0.0,5,1,0,14
0.0,0.0,0.0,6,1,0,14
5483.869425005841,0.0,0.0,7,1,0,14
0.0,0.0,0.0,8,1,0,14
0.0,0.0,0.0,9,1,0,14
0.0,0.0,0.0,10,1,0,14
0.0,0.0,0.0,11,1,0,14
0.0,0.0,0.0,12,1,0,14
0.0,0.0,0.0,13,1,0,14
0.0,0.0,0.0,14,1,0,14
0.0,0.0,0.0,15,1,0,14
0.0,0.0,0.0,16,1,0,14
0.0,0.0,0.0,17,1,0,14
0.0,0.0,0.0,18,1,0,14
0.0,0.0,0.0,19,1,0,14
0.0,0.0,0.0,0,1,0,15
0.0,0.0,0.0,1,1,0,15
0.0,0.0,0.0,2,1,0,15
16821.680297012597,0.0,0.0,3,1,0,15
0.0,0.0,0.0,4,1,0,15
0.0,0.0,0.0,5,1,0,15
0.0,0.0,0.0,6,1,0,15
0.0,0.0,0.0,7,1,0,15
0.0,0.0,0.0,8,1,0,15
0.0,0.0,0.0,9,1,0,15
0.0,0.0,0.0,10,1,0,15
0.0,0.0,0.0,11,1,0,15
0.0,0.0,0.0,12,1,0,15
0.0,0.0,0.0,13,1,0,15
0.0,0.0,0.0,14,1,0,15
0.0,0.0,0.0,15,1,0,15
0.0,0.0,0.0,16,1,0,15
0.0,0.0,0.0,17,1,0,15
0.0,0.0,0.0,18,1,0,15
0.0,0.0,0.0,19,1,0,15
0.0,0.0,0.0,0,1,0,16
0.0,0.0,0.0,1,1,0,16
0.0,0.0,0.0,2,1,0,16
0.0,0.0,0.0,3,1,0,16
0.0,0.0,0.0,4,1,0,16
0.0,0.0,0.0,5,1,0,16
0.0,0.0,0.0,6,1,0,16
0.0,0.0,0.0,7,1,0,16
0.0,0.0,0.0,8,1,0,16
0.0,0.0,0.0,9,1,0,16
0.0,0.0,0.0,10,1,0,16
0.0,0.0,0.0,11,1,0,16
0.0,0.0,0.0,12,1,0,16
0.0,0.0,0.0,13,1,0,16
0.0,0.0,0.0,14,1,0,16
0.0,0.0,0.0,15,1,0,16
0.0,0.0,0.0,16,1,0,16
0.0,0.0,0.0,17,1,0,16
0.0,0.0,0.0,18,1,0,16
0.0,0.0,0.0,19,1,0,16
0.0,0.0,0.0,0,1,0,17
0.0,0.0,0.0,1,1,0,17
0.0,0.0,0.0,2,1,0,17
0.0,0.0,0.0,3,1,0,17
0.0,0.0,0.0,4,1,0,17
0.0,0.0,0.0,5,1,0,17
0.0,0.0,0.0,6,1,0,17
0.0,0.0,0.0,7,1,0,17
0.0,0.0,0.0,8,1,0,17
0.0,0.0,0.0,9,1,0,17
0.0,0.0,0.0,10,1,0,17
0.0,0.0,0.0,11,1,0,17
0.0,0.0,0.0,12,1,0,17
0.0,0.0,0.0,13,1,0,17
0.0,0.0,0.0,14,1,0,17
0.0,0.0,0.0,15,1,0,17
0.0,0.0,0.0,16,1,0,17
0.0,0.0,0.0,17,1,0,17
0.0,0.0,0.0,18,1,0,17
0.0,0.0,0.0,19,1,0,17
0.0,0.0,0.0,0,0,1,0
0.0,0.0,0.0,1,0,1,0
0.0,0.0,0.0,2,0,1,0
0.0,0.0,0.0,3,0,1,0
0.0,0.0,0.0,4,0,1,0
0.0,0.0,0.0,5,0,1,0
0.0,0.0,0.0,6,0,1,0
0.0,0.0,0.0,7,0,1,0
0.0,0.0,0.0,8,0,1,0
0.0,0.0,0.0,9,0,1,0
0.0,0.0,0.0,10,0,1,0
0.0,0.0,0.0,11,0,1,0
0.0,0.0,0.0,12,0,1,0
0.0,0.0,0.0,13,0,1,0
0.0,0.0,0.0,14,0,1,0
0.0,0.0,0.0,15,0,1,0
0.0,0.0,0.0,16,0,1,0
0.0,0.0,0.0,17,0,1,0
0.0,0.0,0.0,18,0,1,0
0.0,0.0,0.0,19,0,1,0
5546.89697206943,0.02129361600042177,0.03141726732454079,0,0,1,1
321.90379666437207,0.027732073081744777,0.021384030427047934,1,0,1,1
27.73868882719774,0.0,0.0573134486453539,2,0,1,1
0.0,0.0,0.0,3,0,1,1
0.0,0.0,0.0,4,0,1,1
0.0,0.0,0.0,5,0,1,1
0.0,0.0,0.0,6,0,1,1
0.0,0.0,0.0,7,0,1,1
0.0,0.0,0.0,8,0,1,1
0.0,0.0,0.0,9,0,1,1
0.0,0.0,0.0,10,0,1,1
0.0,0.0,0.0,11,0,1,1
0.0,0.0,0.0,12,0,1,1
0.0,0.0,0.0,13,0,1,1
0.0,0.0,0.0,14,0,1,1
0.0,0.0,0.0,15,0,1,1
0.0,0.0,0.0,16,0,1,1
0.0,0.0,0.0,17,0,1,1
0.0,0.0,0.0,18,0,1,1
0.0,0.0,0.0,19,0,1,1
704.1460620137142,0.049997296448033385,0.0773765911521225,0,0,1,2
3047.5464998740003,0.009852298303125331,0.010785929542230161,1,0,1,2
598.3250987666219,0.0,0.0,2,0,1,2
69.58780814409596,0.03470219725016733,0.0,3,0,1,2
0.0,0.06546016031624305,0.05457833545764234,4,0,1,2
11.17268555972311,0.1760309070250356,0.0,5,0,1,2
0.0,0.0,0.0,6,0,1,2
0.0,0.0,0.0,7,0,1,2
0.0,0.0,0.0,8,0,1,2
0.0,0.0,0.0,9,0,1,2
0.0,0.0,0.0,10,0,1,2
0.0,0.0,0.0,11,0,1,2
0.0,0.0,0.0,12,0,1,2
0.0,0.0,0.0,13,0,1,2
0.0,0.0,0.0,14,0,1,2
0.0,0.0,0.0,15,0,1,2
0.0,0.0,0.0,16,0,1,2
0.0,0.0,0.0,17,0,1,2
0.0,0.0,0.0,18,0,1,2
0.0,0.0,0.0,19,0,1,2
0.0,8.985122334248608,22.135593290465348,0,0,1,3
3189.711264939428,0.011271777739038966,0.06806958098865734,1,0,1,3
1326.7561672959862,0.03485124348140661,0.0345082555545911,2,0,1,3
752.5554492601531,0.0,0.005344050287753981,3,0,1,3
293.2477692230404,0.0,0.0,4,0,1,3
0.0,0.0,0.0,5,0,1,3
0.0,0.06014368642989703,0.0,6,0,1,3
7.4853525780754335,0.0,0.0,7,0,1,3
0.0,0.0,0.0,8,0,1,3
0.0,0.0,0.0,9,0,1,3
0.0,0.0,0.0,10,0,1,3
0.0,0.0,0.0,11,0,1,3
0.0,0.0,0.0,12,0,1,3
0.0,0.0,0.0,13,0,1,3
0.0,0.0,0.0,14,0,1,3
0.0,0.0,0.0,15,0,1,3
0.0,0.0,0.0,16,0,1,3
0.0,0.0,0.0,17,0,1,3
0.0,0.0,0.0,18,0,1,3
0.0,0.0,0.0,19,0,1,3
22565.235902562443,0.0,0.0,0,0,1,4
3565.078815233375,0.0,0.07551593253994875,1,0,1,4
1492.8982410730205,0.0,0.020702447918308064,2,0,1,4
885.3473707114911,0.044264905438213445,0.03924743594023203,3,0,1,4
450.00122448195253,0.0,0.0,4,0,1,4
387.74481912517854,0.0,0.0,5,0,1,4
53.60429357004036,0.0,0.03635075258253647,6,0,1,4
0.0,0.03698132299720072,0.0,7,0,1,4
0.0,0.0,0.029628523033997087,8,0,1,4
14.766631583592954,0.0,0.0689575825571357,9,0,1,4
0.0,0.09911643867197917,0.0,10,0,1,4
0.0,0.0,0.0,11,0,1,4
0.0,0.0,0.0,12,0,1,4
0.0,0.0,0.0,13,0,1,4
0.0,0.0,0.0,14,0,1,4
0.0,0.0,0.0,15,0,1,4
0.0,0.0,0.0,16,0,1,4
0.0,0.0,0.0,17,0,1,4
0.0,0.0,0.0,18,0,1,4
0.0,0.0,0.0,19,0,1,4
0.0,0.0,0.0,0,0,1,5
0.0,0.0,0.0,1,0,1,5
791.9702506634121,0.0,0.0,2,0,1,5
196.72147035533234,0.02415948187683757,0.013897189172556756,3,0,1,5
462.0342247634036,0.0,0.04874573968197096,4,0,1,5
280.861818415907,0.03133236744694586,0.05600848601337521,5,0,1,5
267.53659161077354,0.0,0.073368365421914,6,0,1,5
137.98662995192026,0.0,0.022144156710605,7,0,1,5
90.43864139702796,0.0,0.07134094716049744,8,0,1,5
44.083866951916804,0.0,0.0,9,0,1,5
0.0,0.06619096034544124,0.0,10,0,1,5
0.0,0.0,0.0,11,0,1,5
0.0,0.0,0.0,12,0,1,5
0.0,0.0,0.0,13,0,1,5
0.0,0.0,0.0,14,0,1,5
0.0,0.0,0.0,15,0,1,5
0.0,0.0,0.0,16,0,1,5
0.0,0.0,0.0,17,0,1,5
0.0,0.0,0.0,18,0,1,5
0.0,0.0,0.0,19,0,1,5
0.0,0.0,0.0,0,0,1,6
2170.1952851662904,0.0,0.0,1,0,1,6
0.0,0.0,0.0,2,0,1,6
0.0,0.0,0.0,3,0,1,6
730.6659955090465,0.0,0.07097675827110858,4,0,1,6
232.22050459622585,0.0,0.06931469760043459,5,0,1,6
107.89270009785697,0.0,0.0,6,0,1,6
141.20061672192213,0.0,0.05038429707871424,7,0,1,6
66.1405758438743,0.03826483712519702,0.08502687382764398,8,0,1,6
106.92260857721664,0.08214629332998026,0.0,9,0,1,6
48.95630142058798,0.0,0.13479644257922288,10,0,1,6
0.0,0.0,0.0,11,0,1,6
0.0,0.0,0.0633331137288272,12,0,1,6
0.0,0.0,0.0,13,0,1,6
0.0,0.0,0.0,14,0,1,6
0.0,0.0,0.0,15,0,1,6
0.0,0.0,0.0,16,0,1,6
0.0,0.0,0.0,17,0,1,6
0.0,0.0,0.0,18,0,1,6
0.0,0.0,0.0,19,0,1,6
0.0,0.0,0.0,0,0,1,7
0.0,0.0,0.0,1,0,1,7
0.0,0.0,0.0,2,0,1,7
1103.8085177443318,0.12831711144972954,0.29556381864702874,3,0,1,7
0.0,0.0,0.0,4,0,1,7
411.99032936121483,0.1856633388264217,0.30674278706988006,5,0,1,7
0.0,0.0468774637695477,0.02954004343371936,6,0,1,7
74.853030324175,0.0,0.11375047066261167,7,0,1,7
0.0,0.0,0.0,8,0,1,7
0.0,0.0,0.0,9,0,1,7
0.0,0.0,0.0,10,0,1,7
8.200158933517894,0.0,0.25742679278215547,11,0,1,7
0.0,0.0,0.3082215579892579,12,0,1,7
0.0,0.0,0.0,13,0,1,7
0.0,0.0,0.0,14,0,1,7
0.0,0.0,0.0,15,0,1,7
0.0,0.0,0.0,16,0,1,7
0.0,0.0,0.0,17,0,1,7
0.0,0.0,0.0,18,0,1,7
0.0,0.0,0.0,19,0,1,7
0.0,0.0,0.0,0,0,1,8
0.0,0.0,0.0,1,0,1,8
0.0,0.0,0.0,2,0,1,8
790.509098165773,0.15284246095783716,0.3257479937227483,3,0,1,8
619.1000190122938,0.08325588951771781,0.13725338945108884,4,0,1,8
0.0,0.0,0.0,5,0,1,8
268.36774049128576,0.13928562515455833,0.39217555640888185,6,0,1,8
80.57318297020943,0.039603065134629904,0.0,7,0,1,8
0.0,0.0,0.0,8,0,1,8
0.0,0.0,0.21788927263704924,9,0,1,8
0.0,0.0,0.0,10,0,1,8
0.0,0.0,0.0,11,0,1,8
0.0,0.0,0.0626144699975773,12,0,1,8
0.0,0.0,0.0,13,0,1,8
0.0,0.0,0.0,14,0,1,8
0.0,0.0,0.0,15,0,1,8
0.0,0.0,0.0,16,0,1,8
0.0,0.0,0.0,17,0,1,8
0.0,0.0,0.0,18,0,1,8
0.0,0.0,0.0,19,0,1,8
0.0,0.0,0.0,0,0,1,9
0.0,0.0,0.0,1,0,1,9
0.0,0.0,0.0,2,0,1,9
0.0,0.0,0.0,3,0,1,9
0.0,0.0,0.0,4,0,1,9
0.0,0.0,0.0,5,0,1,9
69.10947848208241,0.0,0.0,6,0,1,9
297.3475574370449,0.28617994488933163,0.47462503251478033,7,0,1,9
0.0,0.11444465218970258,0.0,8,0,1,9
74.24998728159075,0.082892082823168,0.028637100234929984,9,0,1,9
53.03443243859655,0.0,0.0,10,0,1,9
0.0,0.17614042981925962,0.0,11,0,1,9
0.0,0.0,0.0,12,0,1,9
0.0,0.0,0.0,13,0,1,9
0.0,0.0,0.0,14,0,1,9
0.0,0.0,0.0,15,0,1,9
0.0,0.0,0.0,16,0,1,9
0.0,0.0,0.0,17,0,1,9
0.0,0.0,0.0,18,0,1,9
0.0,0.0,0.0,19,0,1,9
8238.258468154641,0.0,0.0,0,0,1,10
0.0,0.0,0.0,1,0,1,10
0.0,0.0,0.0,2,0,1,10
169.5964834117467,0.0,0.0,3,0,1,10
596.5711988691494,0.2106562564860492,0.4549934891262199,4,0,1,10
0.0,0.0,0.0,5,0,1,10
188.91446631827904,0.27975583221182404,0.3583479654429078,6,0,1,10
0.0,0.0,0.14914603115907824,7,0,1,10
0.0,0.0,0.0,8,0,1,10
0.0,0.0,0.0,9,0,1,10
0.0,0.0,0.0,10,0,1,10
19.67591090404003,0.0,0.0,11,0,1,10
0.0,0.0,0.0,12,0,1,10
0.0,0.0,0.0,13,0,1,10
0.0,0.0,0.0,14,0,1,10
0.0,0.0,0.0,15,0,1,10
0.0,0.0,0.0,16,0,1,10
0.0,0.0,0.0,17,0,1,10
0.0,0.0,0.0,18,0,1,10
0.0,0.0,0.0,19,0,1,10
0.0,0.0,0.0,0,0,1,11
0.0,0.0,0.0,1,0,1,11
0.0,0.0,0.0,2,0,1,11
722.2304299421384,0.0,0.0,3,0,1,11
159.06826038656473,0.0,0.0,4,0,1,11
42.82906943803346,0.19017099368905874,0.19748562523705168,5,0,1,11
191.61559632734165,0.0,0.0,6,0,1,11
0.0,0.0,0.0,7,0,1,11
0.0,0.0,0.0,8,0,1,11
0.0,0.0,0.0,9,0,1,11
0.0,0.0,0.0,10,0,1,11
0.0,0.0,0.0,11,0,1,11
0.0,0.0,0.0,12,0,1,11
0.0,0.0,0.0,13,0,1,11
0.0,0.0,0.0,14,0,1,11
0.0,0.0,0.0,15,0,1,11
0.0,0.0,0.0,16,0,1,11
0.0,0.0,0.0,17,0,1,11
0.0,0.0,0.0,18,0,1,11
0.0,0.0,0.0,19,0,1,11
0.0,0.0,0.0,0,0,1,12
4179.439594328323,0.0,0.0,1,0,1,12
0.0,0.0,0.0,2,0,1,12
0.0,0.0,0.0,3,0,1,12
141.31547467906728,0.0,0.0,4,0,1,12
0.0,0.0,0.0,5,0,1,12
162.7791362702605,0.0,0.0,6,0,1,12
0.0,0.0,0.0,7,0,1,12
0.0,0.0,0.0,8,0,1,12
0.0,0.0,0.0,9,0,1,12
0.0,0.0,0.0,10,0,1,12
0.0,0.0,0.0,11,0,1,12
0.0,0.0,0.0,12,0,1,12
0.0,0.0,0.0,13,0,1,12
0.0,0.0,0.0,14,0,1,12
0.0,0.0,0.0,15,0,1,12
0.0,0.0,0.0,16,0,1,12
0.0,0.0,0.0,17,0,1,12
0.0,0.0,0.0,18,0,1,12
0.0,0.0,0.0,19,0,1,12
0.0,0.0,0.0,0,0,1,13
0.0,0.0,0.0,1,0,1,13
0.0,0.0,0.0,2,0,1,13
0.0,0.0,0.0,3,0,1,13
444.1555912113994,0.0,0.0,4,0,1,13
0.0,0.0,0.0,5,0,1,13
0.0,0.0,0.0,6,0,1,13
0.0,0.0,0.0,7,0,1,13
0.0,0.0,0.0,8,0,1,13
0.0,0.0,0.0,9,0,1,13
0.0,0.0,0.0,10,0,1,13
0.0,0.0,0.0,11,0,1,13
0.0,0.0,0.0,12,0,1,13
0.0,0.0,0.0,13,0,1,13
0.0,0.0,0.0,14,0,1,13
0.0,0.0,0.0,15,0,1,13
0.0,0.0,0.0,16,0,1,13
0.0,0.0,0.0,17,0,1,13
0.0,0.0,0.0,18,0,1,13
0.0,0.0,0.0,19,0,1,13
0.0,0.0,0.0,0,0,1,14
0.0,0.0,0.0,1,0,1,14
8798.46786432211,0.0,0.0,2,0,1,14
0.0,0.0,0.0,3,0,1,14
0.0,0.0,0.0,4,0,1,14
0.0,0.0,0.0,5,0,1,14
0.0,0.0,0.0,6,0,1,14
0.0,0.0,0.0,7,0,1,14
0.0,0.0,0.0,8,0,1,14
0.0,0.0,0.0,9,0,1,14
0.0,0.0,0.0,10,0,1,14
0.0,0.0,0.0,11,0,1,14
0.0,0.0,0.0,12,0,1,14
0.0,0.0,0.0,13,0,1,14
0.0,0.0,0.0,14,0,1,14
0.0,0.0,0.0,15,0,1,14
0.0,0.0,0.0,16,0,1,14
0.0,0.0,0.0,17,0,1,14
0.0,0.0,0.0,18,0,1,14
0.0,0.0,0.0,19,0,1,14
0.0,0.0,0.0,0,0,1,15
0.0,0.0,0.0,1,0,1,15
0.0,0.0,0.0,2,0,1,15
0.0,0.0,0.0,3,0,1,15
0.0,0.0,0.0,4,0,1,15
0.0,0.0,0.0,5,0,1,15
0.0,0.0,0.0,6,0,1,15
0.0,0.0,0.0,7,0,1,15
0.0,0.0,0.0,8,0,1,15
0.0,0.0,0.0,9,0,1,15
0.0,0.0,0.0,10,0,1,15
0.0,0.0,0.0,11,0,1,15
0.0,0.0,0.0,12,0,1,15
0.0,0.0,0.0,13,0,1,15
0.0,0.0,0.0,14,0,1,15
0.0,0.0,0.0,15,0,1,15
0.0,0.0,0.0,16,0,1,15
0.0,0.0,0.0,17,0,1,15
0.0,0.0,0.0,18,0,1,15
0.0,0.0,0.0,19,0,1,15
0.0,0.0,0.0,0,0,1,16
0.0,0.0,0.0,1,0,1,16
0.0,0.0,0.0,2,0,1,16
0.0,0.0,0.0,3,0,1,16
0.0,0.0,0.0,4,0,1,16
0.0,0.0,0.0,5,0,1,16
0.0,0.0,0.0,6,0,1,16
0.0,0.0,0.0,7,0,1,16
0.0,0.0,0.0,8,0,1,16
0.0,0.0,0.0,9,0,1,16
0.0,0.0,0.0,10,0,1,16
0.0,0.0,0.0,11,0,1,16
0.0,0.0,0.0,12,0,1,16
0.0,0.0,0.0,13,0,1,16
0.0,0.0,0.0,14,0,1,16
0.0,0.0,0.0,15,0,1,16
0.0,0.0,0.0,16,0,1,16
0.0,0.0,0.0,17,0,1,16
0.0,0.0,0.0,18,0,1,16
0.0,0.0,0.0,19,0,1,16
0.0,0.0,0.0,0,0,1,17
0.0,0.0,0.0,1,0,1,17
0.0,0.0,0.0,2,0,1,17
0.0,0.0,0.0,3,0,1,17
0.0,0.0,0.0,4,0,1,17
0.0,0.0,0.0,5,0,1,17
0.0,0.0,0.0,6,0,1,17
0.0,0.0,0.0,7,0,1,17
0.0,0.0,0.0,8,0,1,17
0.0,0.0,0.0,9,0,1,17
0.0,0.0,0.0,10,0,1,17
0.0,0.0,0.0,11,0,1,17
0.0,0.0,0.0,12,0,1,17
0.0,0.0,0.0,13,0,1,17
0.0,0.0,0.0,14,0,1,17
0.0,0.0,0.0,15,0,1,17
0.0,0.0,0.0,16,0,1,17
0.0,0.0,0.0,17,0,1,17
0.0,0.0,0.0,18,0,1,17
0.0,0.0,0.0,19,0,1,17
0.0,0.0,0.0,0,1,1,0
0.0,0.0,0.0,1,1,1,0
0.0,0.0,0.0,2,1,1,0
0.0,0.0,0.0,3,1,1,0
0.0,0.0,0.0,4,1,1,0
0.0,0.0,0.0,5,1,1,0
0.0,0.0,0.0,6,1,1,0
0.0,0.0,0.0,7,1,1,0
0.0,0.0,0.0,8,1,1,0
0.0,0.0,0.0,9,1,1,0
0.0,0.0,0.0,10,1,1,0
0.0,0.0,0.0,11,1,1,0
0.0,0.0,0.0,12,1,1,0
0.0,0.0,0.0,13,1,1,0
0.0,0.0,0.0,14,1,1,0
0.0,0.0,0.0,15,1,1,0
0.0,0.0,0.0,16,1,1,0
0.0,0.0,0.0,17,1,1,0
0.0,0.0,0.0,18,1,1,0
0.0,0.0,0.0,19,1,1,0
912.7509443710551,0.022723556248971908,0.033146283282690654,0,1,1,1
379.65849192940533,0.015286172963594788,0.005815391105403497,1,1,1,1
67.6594385475957,0.03884325122978529,0.02191016292898754,2,1,1,1
0.0,0.13739022489253808,0.14209176092303819,3,1,1,1
0.0,0.0,0.0,4,1,1,1
0.0,0.0,0.0,5,1,1,1
0.0,0.0,0.0,6,1,1,1
0.0,0.0,0.0,7,1,1,1
0.0,0.0,0.0,8,1,1,1
0.0,0.0,0.0,9,1,1,1
0.0,0.0,0.0,10,1,1,1
0.0,0.0,0.0,11,1,1,1
0.0,0.0,0.0,12,1,1,1
0.0,0.0,0.0,13,1,1,1
0.0,0.0,0.0,14,1,1,1
0.0,0.0,0.0,15,1,1,1
0.0,0.0,0.0,16,1,1,1
0.0,0.0,0.0,17,1,1,1
0.0,0.0,0.0,18,1,1,1
0.0,0.0,0.0,19,1,1,1
3436.201085740139,0.0,0.0,0,1,1,2
354.7646896419169,0.017490268625938662,0.027700059400530223,1,1,1,2
239.19571029279714,0.0,0.0,2,1,1,2
109.48361163565484,0.0,0.0,3,1,1,2
58.14779147417451,0.032110209349388005,0.02157379105809039,4,1,1,2
8.115572309428702,0.049986625746981955,0.02252480963565083,5,1,1,2
0.0,0.058819070393823045,0.0,6,1,1,2
0.0,0.0,0.0,7,1,1,2
0.0,0.0,0.0,8,1,1,2
0.0,0.0,0.0,9,1,1,2
0.0,0.0,0.0,10,1,1,2
0.0,0.0,0.0,11,1,1,2
0.0,0.0,0.0,12,1,1,2
0.0,0.0,0.0,13,1,1,2
0.0,0.0,0.0,14,1,1,2
0.0,0.0,0.0,15,1,1,2
0.0,0.0,0.0,16,1,1,2
0.0,0.0,0.0,17,1,1,2
0.0,0.0,0.0,18,1,1,2
0.0,0.0,0.0,19,1,1,2
4566.557393333028,0.0,0.0,0,1,1,3
0.0,0.0,0.0,1,1,1,3
162.49603726577314,0.0,0.0,2,1,1,3
56.41309425105296,0.011107254085349473,0.008938560966121402,3,1,1,3
92.30599783828838,0.02778165475837804,0.0,4,1,1,3
57.954748355778456,0.01182265361404467,0.0029185405626233336,5,1,1,3
0.0,0.0,0.0,6,1,1,3
15.803546707705818,0.04513475462543459,0.0,7,1,1,3
2.7310293802199057,0.0888734148884356,0.0,8,1,1,3
3.2335973658866024,0.0,0.0,9,1,1,3
4.460985400179994,0.0,0.0,10,1,1,3
0.0,0.0,0.0,11,1,1,3
0.0,0.0,0.0,12,1,1,3
0.0,0.0,0.0,13,1,1,3
0.0,0.0,0.0,14,1,1,3
0.0,0.0,0.0,15,1,1,3
0.0,0.0,0.0,16,1,1,3
0.0,0.0,0.0,17,1,1,3
0.0,0.0,0.0,18,1,1,3
0.0,0.0,0.0,19,1,1,3
0.0,0.0,0.0,0,1,1,4
0.0,0.0,0.0,1,1,1,4
0.0,0.0,0.0,2,1,1,4
117.88136207871442,0.015173435155059586,0.04635018899723108,3,1,1,4
44.199777211455746,0.0,0.0,4,1,1,4
35.33184415899363,0.0,0.0,5,1,1,4
0.0,0.0,0.0,6,1,1,4
0.0,0.06613125839610814,0.05571716235464016,7,1,1,4
34.57905266787046,0.04875803124934362,0.04438424830420037,8,1,1,4
13.088716376951695,0.081508185405651,0.0,9,1,1,4
12.095382158507766,0.1673682946803696,0.06335909668790808,10,1,1,4
0.0,0.0,0.0,11,1,1,4
0.0,0.0,0.0,12,1,1,4
0.0,0.0,0.0,13,1,1,4
0.0,0.0,0.0,14,1,1,4
0.0,0.0,0.0,15,1,1,4
0.0,0.0,0.0,16,1,1,4
0.0,0.0,0.0,17,1,1,4
0.0,0.0,0.0,18,1,1,4
0.0,0.0,0.0,19,1,1,4
0.0,0.0,0.0,0,1,1,5
1997.177017492592,0.0,0.0,1,1,1,5
49.774507022574504,0.0,0.0,2,1,1,5
0.0,0.0,0.0,3,1,1,5
56.60208085371554,0.08777097701804101,0.040786979735896005,4,1,1,5
43.77205779630726,0.05154633727966182,0.0,5,1,1,5
28.94282663954226,0.04017876829503961,0.05471716998974818,6,1,1,5
0.0,0.06959886183045148,0.05467240798837341,7,1,1,5
0.0,0.014017947050782067,0.0,8,1,1,5
23.514374448569463,0.04822339900352205,0.019925928013457373,9,1,1,5
14.906440980879875,0.06946927452061115,0.0,10,1,1,5
15.590097769144627,0.11201686320758983,0.1298625994666285,11,1,1,5
0.0,0.0,0.0,12,1,1,5
4.713320586629436,0.11145714005267568,0.0,13,1,1,5
0.0,0.0,0.0,14,1,1,5
0.0,0.0,0.0,15,1,1,5
0.0,0.0,0.0,16,1,1,5
0.0,0.0,0.0,17,1,1,5
0.0,0.0,0.0,18,1,1,5
0.0,0.0,0.0,19,1,1,5
0.0,0.0,0.0,0,1,1,6
537.8305556375823,0.0,0.0,1,1,1,6
581.1717124495273,0.2827705852205716,0.6783023292916578,2,1,1,6
0.0,0.0,0.0,3,1,1,6
252.80125270389715,0.1100333631024477,0.19563523232302743,4,1,1,6
0.0,0.00999133732775142,0.0,5,1,1,6
29.346111498970437,0.0,0.0,6,1,1,6
44.385443090099095,0.0,0.0,7,1,1,6
26.10158052553805,0.0,0.0,8,1,1,6
0.0,0.0,0.04522631608879208,9,1,1,6
0.0,0.05058193162411244,0.08078561623283143,10,1,1,6
16.286332498942098,0.05131054616884582,0.025322876991907422,11,1,1,6
0.8001672263295933,0.21862436547451095,0.0,12,1,1,6
5.297860537407543,0.0,0.0,13,1,1,6
0.0,0.0,0.0,14,1,1,6
0.0,0.0,0.0,15,1,1,6
0.0,0.0,0.0,16,1,1,6
0.0,0.0,0.0,17,1,1,6
0.0,0.0,0.0,18,1,1,6
0.0,0.0,0.0,19,1,1,6
16997.755618898744,0.0,0.0,0,1,1,7
0.0,0.0,0.0,1,1,1,7
363.46027196786787,0.0,0.0,2,1,1,7
0.0,0.0,0.19778379717202152,3,1,1,7
242.7359364117786,0.14976957074991354,0.38574483283409283,4,1,1,7
0.0,0.07647840372116943,0.15590609655526286,5,1,1,7
47.77949846785686,0.0,0.0,6,1,1,7
0.0,0.0,0.0,7,1,1,7
24.30447556082296,0.11357379983010342,0.0,8,1,1,7
19.51675210106884,0.060396960864272514,0.06808887033810294,9,1,1,7
22.534162732256195,0.26776649397419844,0.19141386131920834,10,1,1,7
12.588253287658313,0.15419140115401206,0.157357863014688,11,1,1,7
0.0,0.0,0.06890416497318169,12,1,1,7
0.0,0.0,0.0,13,1,1,7
0.0,0.0,0.0,14,1,1,7
0.0,0.0,0.0,15,1,1,7
0.0,0.0,0.0,16,1,1,7
0.0,0.0,0.0,17,1,1,7
0.0,0.0,0.0,18,1,1,7
0.0,0.0,0.0,19,1,1,7
11274.176117194633,0.0,0.0,0,1,1,8
0.0,0.0,0.0,1,1,1,8
0.0,0.0,0.0,2,1,1,8
398.3760103347966,0.0,0.0,3,1,1,8
116.10119432799455,0.0,0.0,4,1,1,8
0.0,0.0,0.0,5,1,1,8
0.0,0.0,0.0,6,1,1,8
17.88383644336398,0.0,0.11230500899379085,7,1,1,8
29.611794645867878,0.0,0.10291955020576456,8,1,1,8
0.0,0.17889933561783872,0.0,9,1,1,8
12.065372235292122,0.07523517317678251,0.28283186315573383,10,1,1,8
3.4071570858925107,0.0,0.11415773382307946,11,1,1,8
6.522694787902283,0.0,0.0,12,1,1,8
0.0,0.12582477726033373,0.0,13,1,1,8
0.0,0.0,0.0,14,1,1,8
0.0,0.0,0.0,15,1,1,8
0.0,0.0,0.0,16,1,1,8
0.0,0.0,0.0,17,1,1,8
0.0,0.0,0.0,18,1,1,8
0.0,0.0,0.0,19,1,1,8
0.0,0.0,0.0,0,1,1,9
0.0,0.0,0.0,1,1,1,9
0.0,0.0,0.0,2,1,1,9
0.0,0.0,0.0,3,1,1,9
0.0,0.0,0.0,4,1,1,9
126.52811816520136,0.03854722718928515,0.24104829444572937,5,1,1,9
110.41355815717576,0.0,0.0,6,1,1,9
77.22547911718037,0.0,0.0,7,1,1,9
0.0,0.0,0.0,8,1,1,9
0.0,0.0,0.0,9,1,1,9
11.846479877231106,0.0,0.143334560436672,10,1,1,9
5.991346315075232,0.0,0.0,11,1,1,9
0.0,0.0,0.0,12,1,1,9
0.0,0.0,0.0,13,1,1,9
0.0,0.0,0.0,14,1,1,9
0.0,0.0,0.0,15,1,1,9
0.0,0.0,0.0,16,1,1,9
0.0,0.0,0.0,17,1,1,9
0.0,0.0,0.0,18,1,1,9
0.0,0.0,0.0,19,1,1,9
0.0,0.0,0.0,0,1,1,10
0.0,0.0,0.0,1,1,1,10
0.0,0.0,0.0,2,1,1,10
122.42606933705204,0.0,0.0,3,1,1,10
21.910939913812452,0.0,0.0,4,1,1,10
117.47901780590324,0.0,0.0,5,1,1,10
0.0,0.0,0.0,6,1,1,10
43.75879651311362,0.0,0.0,7,1,1,10
0.0,0.0,0.0,8,1,1,10
0.0,0.0,0.0,9,1,1,10
0.0,0.0,0.0,10,1,1,10
0.0,0.0,0.0,11,1,1,10
0.0,0.0,0.0,12,1,1,10
0.0,0.0,0.0,13,1,1,10
0.0,0.0,0.0,14,1,1,10
0.0,0.0,0.0,15,1,1,10
0.0,0.0,0.0,16,1,1,10
0.0,0.0,0.0,17,1,1,10
0.0,0.0,0.0,18,1,1,10
0.0,0.0,0.0,19,1,1,10
0.0,0.0,0.0,0,1,1,11
0.0,0.0,0.0,1,1,1,11
6268.930018833283,0.0,0.0,2,1,1,11
108.46194692317593,0.0,0.0,3,1,1,11
0.0,0.0,0.0,4,1,1,11
0.0,0.0,0.0,5,1,1,11
0.0,0.0,0.0,6,1,1,11
0.0,0.0,0.0,7,1,1,11
0.0,0.0,0.0,8,1,1,11
30.159632161845177,0.0,0.0,9,1,1,11
0.0,0.0,0.0,10,1,1,11
0.0,0.0,0.0,11,1,1,11
0.0,0.0,0.0,12,1,1,11
0.0,0.0,0.0,13,1,1,11
0.0,0.0,0.0,14,1,1,11
0.0,0.0,0.0,15,1,1,11
0.0,0.0,0.0,16,1,1,11
0.0,0.0,0.0,17,1,1,11
0.0,0.0,0.0,18,1,1,11
0.0,0.0,0.0,19,1,1,11
0.0,0.0,0.0,0,1,1,12
0.0,0.0,0.0,1,1,1,12
0.0,0.0,0.0,2,1,1,12
0.0,0.0,0.0,3,1,1,12
0.0,0.0,0.0,4,1,1,12
0.0,0.0,0.0,5,1,1,12
0.0,0.0,0.0,6,1,1,12
0.0,0.0,0.0,7,1,1,12
0.0,0.0,0.0,8,1,1,12
0.0,0.0,0.0,9,1,1,12
0.0,0.0,0.0,10,1,1,12
0.0,0.0,0.0,11,1,1,12
0.0,0.0,0.0,12,1,1,12
0.0,0.0,0.0,13,1,1,12
0.0,0.0,0.0,14,1,1,12
0.0,0.0,0.0,15,1,1,12
0.0,0.0,0.0,16,1,1,12
0.0,0.0,0.0,17,1,1,12
0.0,0.0,0.0,18,1,1,12
0.0,0.0,0.0,19,1,1,12
7086.069656347994,0.0,0.0,0,1,1,13
0.0,0.0,0.0,1,1,1,13
0.0,0.0,0.0,2,1,1,13
0.0,0.0,0.0,3,1,1,13
0.0,0.0,0.0,4,1,1,13
0.0,0.0,0.0,5,1,1,13
0.0,0.0,0.0,6,1,1,13
6.012920553600855,0.0,0.0,7,1,1,13
0.0,0.0,0.0,8,1,1,13
0.0,0.0,0.0,9,1,1,13
0.0,0.0,0.0,10,1,1,13
0.0,0.0,0.0,11,1,1,13
0.0,0.0,0.0,12,1,1,13
0.0,0.0,0.0,13,1,1,13
0.0,0.0,0.0,14,1,1,13
0.0,0.0,0.0,15,1,1,13
0.0,0.0,0.0,16,1,1,13
0.0,0.0,0.0,17,1,1,13
0.0,0.0,0.0,18,1,1,13
0.0,0.0,0.0,19,1,1,13
0.0,0.0,0.0,0,1,1,14
0.0,0.0,0.0,1,1,1,14
1892.6347619978128,0.0,0.0,2,1,1,14
0.0,0.0,0.0,3,1,1,14
0.0,0.0,0.0,4,1,1,14
164.99940903599227,0.0,0.0,5,1,1,14
0.0,0.0,0.0,6,1,1,14
0.0,0.0,0.0,7,1,1,14
0.0,0.0,0.0,8,1,1,14
0.0,0.0,0.0,9,1,1,14
0.0,0.0,0.0,10,1,1,14
0.0,0.0,0.0,11,1,1,14
0.0,0.0,0.0,12,1,1,14
0.0,0.0,0.0,13,1,1,14
0.0,0.0,0.0,14,1,1,14
0.0,0.0,0.0,15,1,1,14
0.0,0.0,0.0,16,1,1,14
0.0,0.0,0.0,17,1,1,14
0.0,0.0,0.0,18,1,1,14
0.0,0.0,0.0,19,1,1,14
0.0,0.0,0.0,0,1,1,15
0.0,0.0,0.0,1,1,1,15
0.0,0.0,0.0,2,1,1,15
0.0,0.0,0.0,3,1,1,15
0.0,0.0,0.0,4,1,1,15
0.0,0.0,0.0,5,1,1,15
0.0,0.0,0.0,6,1,1,15
0.0,0.0,0.0,7,1,1,15
0.0,0.0,0.0,8,1,1,15
0.0,0.0,0.0,9,1,1,15
0.0,0.0,0.0,10,1,1,15
0.0,0.0,0.0,11,1,1,15
0.0,0.0,0.0,12,1,1,15
0.0,0.0,0.0,13,1,1,15
0.0,0.0,0.0,14,1,1,15
0.0,0.0,0.0,15,1,1,15
0.0,0.0,0.0,16,1,1,15
0.0,0.0,0.0,17,1,1,15
0.0,0.0,0.0,18,1,1,15
0.0,0.0,0.0,19,1,1,15
0.0,0.0,0.0,0,1,1,16
0.0,0.0,0.0,1,1,1,16
0.0,0.0,0.0,2,1,1,16
0.0,0.0,0.0,3,1,1,16
0.0,0.0,0.0,4,1,1,16
0.0,0.0,0.0,5,1,1,16
0.0,0.0,0.0,6,1,1,16
0.0,0.0,0.0,7,1,1,16
0.0,0.0,0.0,8,1,1,16
0.0,0.0,0.0,9,1,1,16
0.0,0.0,0.0,10,1,1,16
0.0,0.0,0.0,11,1,1,16
0.0,0.0,0.0,12,1,1,16
0.0,0.0,0.0,13,1,1,16
0.0,0.0,0.0,14,1,1,16
0.0,0.0,0.0,15,1,1,16
0.0,0.0,0.0,16,1,1,16
0.0,0.0,0.0,17,1,1,16
0.0,0.0,0.0,18,1,1,16
0.0,0.0,0.0,19,1,1,16
0.0,0.0,0.0,0,1,1,17
0.0,0.0,0.0,1,1,1,17
0.0,0.0,0.0,2,1,1,17
0.0,0.0,0.0,3,1,1,17
0.0,0.0,0.0,4,1,1,17
0.0,0.0,0.0,5,1,1,17
0.0,0.0,0.0,6,1,1,17
0.0,0.0,0.0,7,1,1,17
0.0,0.0,0.0,8,1,1,17
0.0,0.0,0.0,9,1,1,17
0.0,0.0,0.0,10,1,1,17
0.0,0.0,0.0,11,1,1,17
0.0,0.0,0.0,12,1,1,17
0.0,0.0,0.0,13,1,1,17
0.0,0.0,0.0,14,1,1,17
0.0,0.0,0.0,15,1,1,17
0.0,0.0,0.0,16,1,1,17
0.0,0.0,0.0,17,1,1,17
0.0,0.0,0.0,18,1,1,17
0.0,0.0,0.0,19,1,1,17
0.0,0.0,0.0,0,0,2,0
0.0,0.0,0.0,1,0,2,0
0.0,0.0,0.0,2,0,2,0
0.0,0.0,0.0,3,0,2,0
0.0,0.0,0.0,4,0,2,0
0.0,0.0,0.0,5,0,2,0
0.0,0.0,0.0,6,0,2,0
0.0,0.0,0.0,7,0,2,0
0.0,0.0,0.0,8,0,2,0
0.0,0.0,0.0,9,0,2,0
0.0,0.0,0.0,10,0,2,0
0.0,0.0,0.0,11,0,2,0
0.0,0.0,0.0,12,0,2,0
0.0,0.0,0.0,13,0,2,0
0.0,0.0,0.0,14,0,2,0
0.0,0.0,0.0,15,0,2,0
0.0,0.0,0.0,16,0,2,0
0.0,0.0,0.0,17,0,2,0
0.0,0.0,0.0,18,0,2,0
0.0,0.0,0.0,19,0,2,0
878.6730149650888,0.0384538938849182,0.010722004263673125,0,0,2,1
48.724426927389395,0.028249953876235245,0.027587947203301443,1,0,2,1
0.0,0.0,0.0,2,0,2,1
0.0,0.0,0.0,3,0,2,1
0.0,0.0,0.0,4,0,2,1
0.0,0.0,0.0,5,0,2,1
0.0,0.0,0.0,6,0,2,1
0.0,0.0,0.0,7,0,2,1
0.0,0.0,0.0,8,0,2,1
0.0,0.0,0.0,9,0,2,1
0.0,0.0,0.0,10,0,2,1
0.0,0.0,0.0,11,0,2,1
0.0,0.0,0.0,12,0,2,1
0.0,0.0,0.0,13,0,2,1
0.0,0.0,0.0,14,0,2,1
0.0,0.0,0.0,15,0,2,1
0.0,0.0,0.0,16,0,2,1
0.0,0.0,0.0,17,0,2,1
0.0,0.0,0.0,18,0,2,1
0.0,0.0,0.0,19,0,2,1
0.0,0.0,0.0,0,0,2,2
197.27583163571668,0.018656727182306657,0.0,1,0,2,2
48.0047761068167,0.0,0.011183551247147648,2,0,2,2
0.0,0.0993780069882712,0.0,3,0,2,2
0.0,0.0,0.0,4,0,2,2
0.0,0.0,0.0,5,0,2,2
0.0,0.0,0.0,6,0,2,2
0.0,0.0,0.0,7,0,2,2
0.0,0.0,0.0,8,0,2,2
0.0,0.0,0.0,9,0,2,2
0.0,0.0,0.0,10,0,2,2
0.0,0.0,0.0,11,0,2,2
0.0,0.0,0.0,12,0,2,2
0.0,0.0,0.0,13,0,2,2
0.0,0.0,0.0,14,0,2,2
0.0,0.0,0.0,15,0,2,2
0.0,0.0,0.0,16,0,2,2
0.0,0.0,0.0,17,0,2,2
0.0,0.0,0.0,18,0,2,2
0.0,0.0,0.0,19,0,2,2
4281.267523967198,6.02264536536661,21.414628245819184,0,0,2,3
0.0,0.0,0.0,1,0,2,3
0.0,0.0,0.0,2,0,2,3
0.0,0.0,0.0149957483431993,3,0,2,3
61.36547160727494,0.0,0.08912712362478316,4,0,2,3
18.797692732806137,0.07912763280870663,0.0,5,0,2,3
0.0,0.0,0.0,6,0,2,3
0.0,0.0,0.0,7,0,2,3
0.0,0.0,0.0,8,0,2,3
0.0,0.0,0.0,9,0,2,3
0.0,0.0,0.0,10,0,2,3
0.0,0.0,0.0,11,0,2,3
0.0,0.0,0.0,12,0,2,3
0.0,0.0,0.0,13,0,2,3
0.0,0.0,0.0,14,0,2,3
0.0,0.0,0.0,15,0,2,3
0.0,0.0,0.0,16,0,2,3
0.0,0.0,0.0,17,0,2,3
0.0,0.0,0.0,18,0,2,3
0.0,0.0,0.0,19,0,2,3
0.0,8.766858006774878,26.37297891400545,0,0,2,4
634.2460337720668,0.09023211414024393,0.18710579626715018,1,0,2,4
0.0,0.0,0.03475923958439023,2,0,2,4
58.28121813910907,0.05010978843357809,0.0,3,0,2,4
54.22994763189647,0.0,0.0,4,0,2,4
6.511473335811246,0.004558181973503647,0.0,5,0,2,4
43.50713005690204,0.0,0.0,6,0,2,4
0.0,0.0,0.21175827788492776,7,0,2,4
0.0,0.0,0.0,8,0,2,4
0.0,0.0,0.0,9,0,2,4
0.0,0.0,0.0,10,0,2,4
0.0,0.0,0.0,11,0,2,4
0.0,0.0,0.0,12,0,2,4
0.0,0.0,0.0,13,0,2,4
0.0,0.0,0.0,14,0,2,4
0.0,0.0,0.0,15,0,2,4
0.0,0.0,0.0,16,0,2,4
0.0,0.0,0.0,17,0,2,4
0.0,0.0,0.0,18,0,2,4
0.0,0.0,0.0,19,0,2,4
0.0,0.0,0.0,0,0,2,5
257.08427123896723,0.0,0.0,1,0,2,5
0.0,0.0,0.0,2,0,2,5
41.27648841853876,0.06254125943441732,0.1340438031116624,3,0,2,5
49.55265064045193,0.0846527107374501,0.1353578087892261,4,0,2,5
0.0,0.0,0.06871595091821257,5,0,2,5
0.0,0.16389609817352235,0.08334870142190184,6,0,2,5
38.44799967338869,0.14539167348963059,0.0,7,0,2,5
36.212848555066905,0.0,0.0,8,0,2,5
0.0,0.0,0.0,9,0,2,5
0.0,0.0,0.0,10,0,2,5
0.0,0.0,0.0,11,0,2,5
0.0,0.0,0.0,12,0,2,5
0.0,0.0,0.0,13,0,2,5
0.0,0.0,0.0,14,0,2,5
0.0,0.0,0.0,15,0,2,5
0.0,0.0,0.0,16,0,2,5
0.0,0.0,0.0,17,0,2,5
0.0,0.0,0.0,18,0,2,5
0.0,0.0,0.0,19,0,2,5
0.0,0.0,0.0,0,0,2,6
384.2756584523391,0.0,0.0,1,0,2,6
0.0,0.0,0.0,2,0,2,6
0.0,0.0,0.0,3,0,2,6
0.0,0.07173578423462434,0.0,4,0,2,6
0.0,0.0,0.17453271239552692,5,0,2,6
0.0,0.028637806168903518,0.0,6,0,2,6
52.78888110100897,0.13368385811076042,0.0,7,0,2,6
9.50818822853428,0.0,0.0,8,0,2,6
0.0,0.0,0.0,9,0,2,6
0.0,0.0,0.0,10,0,2,6
0.0,0.0,0.0,11,0,2,6
0.0,0.0,0.0,12,0,2,6
0.0,0.0,0.0,13,0,2,6
0.0,0.0,0.0,14,0,2,6
0.0,0.0,0.0,15,0,2,6
0.0,0.0,0.0,16,0,2,6
0.0,0.0,0.0,17,0,2,6
0.0,0.0,0.0,18,0,2,6
0.0,0.0,0.0,19,0,2,6
0.0,0.0,0.0,0,0,2,7
411.1889272684035,0.0,0.0,1,0,2,7
0.0,0.0666240717531673,0.15201307723779103,2,0,2,7
0.0,0.0,0.0,3,0,2,7
0.0,0.0,0.0,4,0,2,7
0.0,0.0,0.0,5,0,2,7
0.0,0.0,0.1663292085176362,6,0,2,7
0.0,0.0,0.23396683067807936,7,0,2,7
59.47918044486104,0.0,0.0,8,0,2,7
0.0,0.0,0.0,9,0,2,7
0.0,0.0,0.0,10,0,2,7
0.0,0.0,0.0,11,0,2,7
0.0,0.0,0.0,12,0,2,7
0.0,0.0,0.0,13,0,2,7
0.0,0.0,0.0,14,0,2,7
0.0,0.0,0.0,15,0,2,7
0.0,0.0,0.0,16,0,2,7
0.0,0.0,0.0,17,0,2,7
0.0,0.0,0.0,18,0,2,7
0.0,0.0,0.0,19,0,2,7
0.0,0.0,0.0,0,0,2,8
857.8270579498305,0.0,0.0,1,0,2,8
0.0,0.0,0.0,2,0,2,8
37.343420491945515,0.0,0.0,3,0,2,8
144.20690643663906,0.11330070191818799,0.18228606995799473,4,0,2,8
90.60957910919798,0.07574377325595477,0.1929577794596631,5,0,2,8
0.0,0.0,0.0,6,0,2,8
0.0,0.0,0.0,7,0,2,8
0.0,0.0,0.0,8,0,2,8
0.0,0.0,0.0,9,0,2,8
0.0,0.0,0.0,10,0,2,8
0.0,0.0,0.0,11,0,2,8
0.0,0.0,0.0,12,0,2,8
0.0,0.0,0.0,13,0,2,8
0.0,0.0,0.0,14,0,2,8
0.0,0.0,0.0,15,0,2,8
0.0,0.0,0.0,16,0,2,8
0.0,0.0,0.0,17,0,2,8
0.0,0.0,0.0,18,0,2,8
0.0,0.0,0.0,19,0,2,8
0.0,0.0,0.0,0,0,2,9
0.0,0.0,0.0,1,0,2,9
0.0,0.0,0.0,2,0,2,9
69.60966991537305,0.0,0.0,3,0,2,9
80.75651175460118,0.1352356516862059,0.49354922752973407,4,0,2,9
53.270260706217236,0.0,0.0,5,0,2,9
36.88603054507516,0.0,0.0,6,0,2,9
0.0,0.0,0.0,7,0,2,9
0.0,0.0,0.0,8,0,2,9
0.0,0.0,0.0,9,0,2,9
0.0,0.0,0.0,10,0,2,9
0.0,0.0,0.0,11,0,2,9
0.0,0.0,0.0,12,0,2,9
0.0,0.0,0.0,13,0,2,9
0.0,0.0,0.0,14,0,2,9
0.0,0.0,0.0,15,0,2,9
0.0,0.0,0.0,16,0,2,9
0.0,0.0,0.0,17,0,2,9
0.0,0.0,0.0,18,0,2,9
0.0,0.0,0.0,19,0,2,9
0.0,0.0,0.0,0,0,2,10
0.0,0.0,0.0,1,0,2,10
0.0,0.0,0.0,2,0,2,10
104.60452559445493,0.0,0.0,3,0,2,10
0.0,0.0,0.0,4,0,2,10
0.0,0.0,0.0,5,0,2,10
22.8798150355979,0.0,0.0,6,0,2,10
0.0,0.0,0.0,7,0,2,10
0.0,0.0,0.0,8,0,2,10
0.0,0.0,0.0,9,0,2,10
0.0,0.0,0.0,10,0,2,10
0.0,0.0,0.0,11,0,2,10
0.0,0.0,0.0,12,0,2,10
0.0,0.0,0.0,13,0,2,10
0.0,0.0,0.0,14,0,2,10
0.0,0.0,0.0,15,0,2,10
0.0,0.0,0.0,16,0,2,10
0.0,0.0,0.0,17,0,2,10
0.0,0.0,0.0,18,0,2,10
0.0,0.0,0.0,19,0,2,10
0.0,0.0,0.0,0,0,2,11
0.0,0.0,0.0,1,0,2,11
407.7370997790225,0.0,0.0,2,0,2,11
0.0,0.0,0.0,3,0,2,11
0.0,0.0,0.0,4,0,2,11
0.0,0.0,0.0,5,0,2,11
0.0,0.0,0.0,6,0,2,11
0.0,0.0,0.0,7,0,2,11
0.0,0.0,0.0,8,0,2,11
0.0,0.0,0.0,9,0,2,11
0.0,0.0,0.0,10,0,2,11
0.0,0.0,0.0,11,0,2,11
0.0,0.0,0.0,12,0,2,11
0.0,0.0,0.0,13,0,2,11
0.0,0.0,0.0,14,0,2,11
0.0,0.0,0.0,15,0,2,11
0.0,0.0,0.0,16,0,2,11
0.0,0.0,0.0,17,0,2,11
0.0,0.0,0.0,18,0,2,11
0.0,0.0,0.0,19,0,2,11
64.2473905022582,0.0,0.0,0,0,2,12
0.0,0.0,0.0,1,0,2,12
0.0,0.0,0.0,2,0,2,12
0.0,0.0,0.0,3,0,2,12
51.959226782023336,0.0,0.0,4,0,2,12
36.840629413807505,0.0,0.0,5,0,2,12
0.0,0.0,0.0,6,0,2,12
0.0,0.0,0.0,7,0,2,12
0.0,0.0,0.0,8,0,2,12
0.0,0.0,0.0,9,0,2,12
0.0,0.0,0.0,10,0,2,12
0.0,0.0,0.0,11,0,2,12
0.0,0.0,0.0,12,0,2,12
0.0,0.0,0.0,13,0,2,12
0.0,0.0,0.0,14,0,2,12
0.0,0.0,0.0,15,0,2,12
0.0,0.0,0.0,16,0,2,12
0.0,0.0,0.0,17,0,2,12
0.0,0.0,0.0,18,0,2,12
0.0,0.0,0.0,19,0,2,12
0.0,0.0,0.0,0,0,2,13
0.0,0.0,0.0,1,0,2,13
0.0,0.0,0.0,2,0,2,13
0.0,0.0,0.0,3,0,2,13
0.0,0.0,0.0,4,0,2,13
0.0,0.0,0.0,5,0,2,13
0.0,0.0,0.0,6,0,2,13
0.0,0.0,0.0,7,0,2,13
0.0,0.0,0.0,8,0,2,13
0.0,0.0,0.0,9,0,2,13
0.0,0.0,0.0,10,0,2,13
0.0,0.0,0.0,11,0,2,13
0.0,0.0,0.0,12,0,2,13
0.0,0.0,0.0,13,0,2,13
0.0,0.0,0.0,14,0,2,13
0.0,0.0,0.0,15,0,2,13
0.0,0.0,0.0,16,0,2,13
0.0,0.0,0.0,17,0,2,13
0.0,0.0,0.0,18,0,2,13
0.0,0.0,0.0,19,0,2,13
162.61093855730368,0.0,0.0,0,0,2,14
0.0,0.0,0.0,1,0,2,14
0.0,0.0,0.0,2,0,2,14
0.0,0.0,0.0,3,0,2,14
0.0,0.0,0.0,4,0,2,14
0.0,0.0,0.0,5,0,2,14
0.0,0.0,0.0,6,0,2,14
0.0,0.0,0.0,7,0,2,14
0.0,0.0,0.0,8,0,2,14
0.0,0.0,0.0,9,0,2,14
0.0,0.0,0.0,10,0,2,14
0.0,0.0,0.0,11,0,2,14
0.0,0.0,0.0,12,0,2,14
0.0,0.0,0.0,13,0,2,14
0.0,0.0,0.0,14,0,2,14
0.0,0.0,0.0,15,0,2,14
0.0,0.0,0.0,16,0,2,14
0.0,0.0,0.0,17,0,2,14
0.0,0.0,0.0,18,0,2,14
0.0,0.0,0.0,19,0,2,14
0.0,0.0,0.0,0,0,2,15
0.0,0.0,0.0,1,0,2,15
0.0,0.0,0.0,2,0,2,15
0.0,0.0,0.0,3,0,2,15
0.0,0.0,0.0,4,0,2,15
0.0,0.0,0.0,5,0,2,15
0.0,0.0,0.0,6,0,2,15
0.0,0.0,0.0,7,0,2,15
0.0,0.0,0.0,8,0,2,15
0.0,0.0,0.0,9,0,2,15
0.0,0.0,0.0,10,0,2,15
0.0,0.0,0.0,11,0,2,15
0.0,0.0,0.0,12,0,2,15
0.0,0.0,0.0,13,0,2,15
0.0,0.0,0.0,14,0,2,15
0.0,0.0,0.0,15,0,2,15
0.0,0.0,0.0,16,0,2,15
0.0,0.0,0.0,17,0,2,15
0.0,0.0,0.0,18,0,2,15
0.0,0.0,0.0,19,0,2,15
0.0,0.0,0.0,0,0,2,16
0.0,0.0,0.0,1,0,2,16
0.0,0.0,0.0,2,0,2,16
0.0,0.0,0.0,3,0,2,16
0.0,0.0,0.0,4,0,2,16
0.0,0.0,0.0,5,0,2,16
0.0,0.0,0.0,6,0,2,16
0.0,0.0,0.0,7,0,2,16
0.0,0.0,0.0,8,0,2,16
0.0,0.0,0.0,9,0,2,16
0.0,0.0,0.0,10,0,2,16
0.0,0.0,0.0,11,0,2,16
0.0,0.0,0.0,12,0,2,16
0.0,0.0,0.0,13,0,2,16
0.0,0.0,0.0,14,0,2,16
0.0,0.0,0.0,15,0,2,16
0.0,0.0,0.0,16,0,2,16
0.0,0.0,0.0,17,0,2,16
0.0,0.0,0.0,18,0,2,16
0.0,0.0,0.0,19,0,2,16
0.0,0.0,0.0,0,0,2,17
0.0,0.0,0.0,1,0,2,17
0.0,0.0,0.0,2,0,2,17
0.0,0.0,0.0,3,0,2,17
0.0,0.0,0.0,4,0,2,17
0.0,0.0,0.0,5,0,2,17
0.0,0.0,0.0,6,0,2,17
0.0,0.0,0.0,7,0,2,17
0.0,0.0,0.0,8,0,2,17
0.0,0.0,0.0,9,0,2,17
0.0,0.0,0.0,10,0,2,17
0.0,0.0,0.0,11,0,2,17
0.0,0.0,0.0,12,0,2,17
0.0,0.0,0.0,13,0,2,17
0.0,0.0,0.0,14,0,2,17
0.0,0.0,0.0,15,0,2,17
0.0,0.0,0.0,16,0,2,17
0.0,0.0,0.0,17,0,2,17
0.0,0.0,0.0,18,0,2,17
0.0,0.0,0.0,19,0,2,17
0.0,0.0,0.0,0,1,2,0
0.0,0.0,0.0,1,1,2,0
0.0,0.0,0.0,2,1,2,0
0.0,0.0,0.0,3,1,2,0
0.0,0.0,0.0,4,1,2,0
0.0,0.0,0.0,5,1,2,0
0.0,0.0,0.0,6,1,2,0
0.0,0.0,0.0,7,1,2,0
0.0,0.0,0.0,8,1,2,0
0.0,0.0,0.0,9,1,2,0
0.0,0.0,0.0,10,1,2,0
0.0,0.0,0.0,11,1,2,0
0.0,0.0,0.0,12,1,2,0
0.0,0.0,0.0,13,1,2,0
0.0,0.0,0.0,14,1,2,0
0.0,0.0,0.0,15,1,2,0
0.0,0.0,0.0,16,1,2,0
0.0,0.0,0.0,17,1,2,0
0.0,0.0,0.0,18,1,2,0
0.0,0.0,0.0,19,1,2,0
805.1980025839248,0.01957709442127479,0.025220319264680175,0,1,2,1
62.356902368253884,0.0,0.008412677795792068,1,1,2,1
0.0,0.03095835776270335,0.0,2,1,2,1
0.0,0.0,0.0,3,1,2,1
0.0,0.0,0.0,4,1,2,1
0.0,0.0,0.0,5,1,2,1
0.0,0.0,0.0,6,1,2,1
0.0,0.0,0.0,7,1,2,1
0.0,0.0,0.0,8,1,2,1
0.0,0.0,0.0,9,1,2,1
0.0,0.0,0.0,10,1,2,1
0.0,0.0,0.0,11,1,2,1
0.0,0.0,0.0,12,1,2,1
0.0,0.0,0.0,13,1,2,1
0.0,0.0,0.0,14,1,2,1
0.0,0.0,0.0,15,1,2,1
0.0,0.0,0.0,16,1,2,1
0.0,0.0,0.0,17,1,2,1
0.0,0.0,0.0,18,1,2,1
0.0,0.0,0.0,19,1,2,1
0.0,0.0,0.0,0,1,2,2
190.1360160820281,0.01786359244191881,0.03501608390030742,1,1,2,2
64.599173559433,0.0,0.0,2,1,2,2
7.343883837543617,0.029626630744092892,0.0,3,1,2,2
0.0,0.05775241066443892,0.03960676889112569,4,1,2,2
4.523409852455573,0.0,0.025109371039903645,5,1,2,2
0.0,0.0,0.0,6,1,2,2
0.0,0.0,0.0,7,1,2,2
0.0,0.0,0.0,8,1,2,2
0.0,0.0,0.0,9,1,2,2
0.0,0.0,0.0,10,1,2,2
0.0,0.0,0.0,11,1,2,2
0.0,0.0,0.0,12,1,2,2
0.0,0.0,0.0,13,1,2,2
0.0,0.0,0.0,14,1,2,2
0.0,0.0,0.0,15,1,2,2
0.0,0.0,0.0,16,1,2,2
0.0,0.0,0.0,17,1,2,2
0.0,0.0,0.0,18,1,2,2
0.0,0.0,0.0,19,1,2,2
0.0,9.178115587979866,25.30568983249589,0,1,2,3
749.6529676570487,0.11034475770720863,0.3122586708219128,1,1,2,3
127.81887007068448,0.047443276609586214,0.0,2,1,2,3
5.090897852338145,0.0,0.0,3,1,2,3
27.89005618685717,0.015180158711960845,0.05103479605682994,4,1,2,3
35.117603757953866,0.0,0.040435742783609424,5,1,2,3
16.599751125589897,0.02143572383381259,0.0,6,1,2,3
5.099065009224066,0.0,0.0,7,1,2,3
0.0,0.0,0.0,8,1,2,3
0.0,0.0,0.0,9,1,2,3
0.0,0.0,0.0,10,1,2,3
0.0,0.0,0.0,11,1,2,3
0.0,0.0,0.0,12,1,2,3
0.0,0.0,0.0,13,1,2,3
0.0,0.0,0.0,14,1,2,3
0.0,0.0,0.0,15,1,2,3
0.0,0.0,0.0,16,1,2,3
0.0,0.0,0.0,17,1,2,3
0.0,0.0,0.0,18,1,2,3
0.0,0.0,0.0,19,1,2,3
0.0,0.0,0.0,0,1,2,4
0.0,0.0,0.0,1,1,2,4
207.89889141616473,0.0657163928546995,0.0993127896221384,2,1,2,4
0.0,0.0,0.0,3,1,2,4
0.0,0.006000628843533011,0.057260168229251514,4,1,2,4
21.49087493433732,0.0,0.0,5,1,2,4
0.0,0.06705760377143634,0.0,6,1,2,4
0.0,0.0,0.0,7,1,2,4
0.0,0.07802665845223551,0.015963243476553913,8,1,2,4
4.136983785390067,0.1375574620761488,0.08494080072281807,9,1,2,4
0.0,0.0,0.0,10,1,2,4
0.0,0.0,0.0,11,1,2,4
0.0,0.0,0.0,12,1,2,4
0.0,0.0,0.0,13,1,2,4
0.0,0.0,0.0,14,1,2,4
0.0,0.0,0.0,15,1,2,4
0.0,0.0,0.0,16,1,2,4
0.0,0.0,0.0,17,1,2,4
0.0,0.0,0.0,18,1,2,4
0.0,0.0,0.0,19,1,2,4
6209.036129456768,0.0,0.0,0,1,2,5
0.0,0.0,0.0,1,1,2,5
214.20688364976638,0.0,0.1372547120883792,2,1,2,5
133.49083367463558,0.0221409881461387,0.0,3,1,2,5
41.39195981236589,0.03831467464188777,0.06465779886656346,4,1,2,5
20.39606739635157,0.06090266466363679,0.05331474239623243,5,1,2,5
30.446417924777037,0.06848709940742942,0.0,6,1,2,5
0.0,0.0553274756000847,0.0,7,1,2,5
13.696981803750173,0.0,0.0,8,1,2,5
23.935378166025565,0.0,0.020173970316139083,9,1,2,5
5.049201645683849,0.0,0.0,10,1,2,5
0.0,0.03755821514507142,0.0,11,1,2,5
0.0,0.0,0.0,12,1,2,5
0.0,0.0,0.0,13,1,2,5
0.0,0.0,0.0,14,1,2,5
0.0,0.0,0.0,15,1,2,5
0.0,0.0,0.0,16,1,2,5
0.0,0.0,0.0,17,1,2,5
0.0,0.0,0.0,18,1,2,5
0.0,0.0,0.0,19,1,2,5
0.0,0.0,0.0,0,1,2,6
0.0,0.0,0.0,1,1,2,6
0.0,0.0,0.0,2,1,2,6
0.0,0.0,0.0,3,1,2,6
0.0,0.0,0.0,4,1,2,6
12.36899553844816,0.08498343490930342,0.0,5,1,2,6
0.0,0.08167492833926773,0.0,6,1,2,6
5.67048856902506,0.08867447679997116,0.1071409555972036,7,1,2,6
0.0,0.12462615607248467,0.10402565387252978,8,1,2,6
0.0,0.0,0.07023247878172507,9,1,2,6
0.0,0.17887621750082255,0.09215539674671593,10,1,2,6
8.520297175847169,0.0,0.31881787364680825,11,1,2,6
0.0,0.0,0.0,12,1,2,6
0.0,0.0,0.0,13,1,2,6
0.0,0.0,0.0,14,1,2,6
0.0,0.0,0.0,15,1,2,6
0.0,0.0,0.0,16,1,2,6
0.0,0.0,0.0,17,1,2,6
0.0,0.0,0.0,18,1,2,6
0.0,0.0,0.0,19,1,2,6
0.0,0.0,0.0,0,1,2,7
0.0,0.0,0.0,1,1,2,7
140.43845829501387,0.0,0.0,2,1,2,7
83.04807918156263,0.0,0.0,3,1,2,7
0.0,0.0,0.0,4,1,2,7
0.0,0.0,0.0,5,1,2,7
0.0,0.0,0.0,6,1,2,7
21.877264599016314,0.07618227957998942,0.18505863096800193,7,1,2,7
0.0,0.0,0.0,8,1,2,7
6.48869002440383,0.0,0.0,9,1,2,7
6.70858331817153,0.0,0.0,10,1,2,7
0.0,0.07967114769461442,0.0,11,1,2,7
0.0,0.0,0.0,12,1,2,7
0.0,0.0,0.0,13,1,2,7
0.0,0.0,0.0,14,1,2,7
0.0,0.0,0.0,15,1,2,7
0.0,0.0,0.0,16,1,2,7
0.0,0.0,0.0,17,1,2,7
0.0,0.0,0.0,18,1,2,7
0.0,0.0,0.0,19,1,2,7
0.0,0.0,0.0,0,1,2,8
0.0,0.0,0.0,1,1,2,8
177.22325147665236,0.0,0.0,2,1,2,8
0.0,0.0,0.0,3,1,2,8
74.99901476653139,0.0,0.0,4,1,2,8
0.0,0.0,0.0,5,1,2,8
119.40119422683824,0.0,0.0,6,1,2,8
0.0,0.0,0.0,7,1,2,8
0.0,0.0,0.0,8,1,2,8
0.0,0.0,0.0,9,1,2,8
6.733186157044682,0.0,0.19467825441071385,10,1,2,8
0.0,0.0,0.0,11,1,2,8
0.0,0.0,0.0,12,1,2,8
0.0,0.0,0.0,13,1,2,8
0.0,0.0,0.0,14,1,2,8
0.0,0.0,0.0,15,1,2,8
0.0,0.0,0.0,16,1,2,8
0.0,0.0,0.0,17,1,2,8
0.0,0.0,0.0,18,1,2,8
0.0,0.0,0.0,19,1,2,8
3174.8361600820945,0.0,0.0,0,1,2,9
0.0,0.0,0.0,1,1,2,9
0.0,0.0,0.0,2,1,2,9
128.72004530839678,0.0,0.0,3,1,2,9
34.54840234962953,0.0,0.0,4,1,2,9
0.0,0.0,0.0,5,1,2,9
38.817918836544884,0.0,0.0,6,1,2,9
0.0,0.0,0.0,7,1,2,9
19.856185360149453,0.0,0.0,8,1,2,9
0.0,0.0,0.0,9,1,2,9
0.0,0.0,0.0,10,1,2,9
0.0,0.0,0.0,11,1,2,9
0.0,0.0,0.0,12,1,2,9
4.501330419659328,0.0,0.0,13,1,2,9
0.0,0.0,0.0,14,1,2,9
0.0,0.0,0.0,15,1,2,9
0.0,0.0,0.0,16,1,2,9
0.0,0.0,0.0,17,1,2,9
0.0,0.0,0.0,18,1,2,9
0.0,0.0,0.0,19,1,2,9
0.0,0.0,0.0,0,1,2,10
0.0,0.0,0.0,1,1,2,10
0.0,0.0,0.0,2,1,2,10
77.31076245721115,0.0,0.0,3,1,2,10
0.0,0.0,0.0,4,1,2,10
71.84541925122434,0.0,0.0,5,1,2,10
0.0,0.0,0.0,6,1,2,10
0.0,0.0,0.0,7,1,2,10
0.0,0.0,0.0,8,1,2,10
0.0,0.0,0.0,9,1,2,10
0.0,0.0,0.0,10,1,2,10
0.0,0.0,0.0,11,1,2,10
0.0,0.0,0.0,12,1,2,10
0.0,0.0,0.0,13,1,2,10
0.0,0.0,0.0,14,1,2,10
0.0,0.0,0.0,15,1,2,10
0.0,0.0,0.0,16,1,2,10
0.0,0.0,0.0,17,1,2,10
0.0,0.0,0.0,18,1,2,10
0.0,0.0,0.0,19,1,2,10
0.0,0.0,0.0,0,1,2,11
0.0,0.0,0.0,1,1,2,11
0.0,0.0,0.0,2,1,2,11
0.0,0.0,0.0,3,1,2,11
0.0,0.0,0.0,4,1,2,11
0.0,0.0,0.0,5,1,2,11
0.0,0.0,0.0,6,1,2,11
0.0,0.0,0.0,7,1,2,11
38.58632377894539,0.0,0.0,8,1,2,11
0.0,0.0,0.0,9,1,2,11
0.0,0.0,0.0,10,1,2,11
0.0,0.0,0.0,11,1,2,11
0.0,0.0,0.0,12,1,2,11
0.0,0.0,0.0,13,1,2,11
0.0,0.0,0.0,14,1,2,11
0.0,0.0,0.0,15,1,2,11
0.0,0.0,0.0,16,1,2,11
0.0,0.0,0.0,17,1,2,11
0.0,0.0,0.0,18,1,2,11
0.0,0.0,0.0,19,1,2,11
0.0,0.0,0.0,0,1,2,12
0.0,0.0,0.0,1,1,2,12
0.0,0.0,0.0,2,1,2,12
0.0,0.0,0.0,3,1,2,12
0.0,0.0,0.0,4,1,2,12
0.0,0.0,0.0,5,1,2,12
33.88534353787137,0.0,0.0,6,1,2,12
0.0,0.0,0.0,7,1,2,12
0.0,0.0,0.0,8,1,2,12
0.0,0.0,0.0,9,1,2,12
0.0,0.0,0.0,10,1,2,12
0.0,0.0,0.0,11,1,2,12
0.0,0.0,0.0,12,1,2,12
0.0,0.0,0.0,13,1,2,12
0.0,0.0,0.0,14,1,2,12
0.0,0.0,0.0,15,1,2,12
0.0,0.0,0.0,16,1,2,12
0.0,0.0,0.0,17,1,2,12
0.0,0.0,0.0,18,1,2,12
0.0,0.0,0.0,19,1,2,12
314.6733853014389,0.0,0.0,0,1,2,13
0.0,0.0,0.0,1,1,2,13
0.0,0.0,0.0,2,1,2,13
0.0,0.0,0.0,3,1,2,13
0.0,0.0,0.0,4,1,2,13
0.0,0.0,0.0,5,1,2,13
0.0,0.0,0.0,6,1,2,13
0.0,0.0,0.0,7,1,2,13
0.0,0.0,0.0,8,1,2,13
0.0,0.0,0.0,9,1,2,13
0.0,0.0,0.0,10,1,2,13
0.0,0.0,0.0,11,1,2,13
0.0,0.0,0.0,12,1,2,13
0.0,0.0,0.0,13,1,2,13
0.0,0.0,0.0,14,1,2,13
0.0,0.0,0.0,15,1,2,13
0.0,0.0,0.0,16,1,2,13
0.0,0.0,0.0,17,1,2,13
0.0,0.0,0.0,18,1,2,13
0.0,0.0,0.0,19,1,2,13
0.0,0.0,0.0,0,1,2,14
0.0,0.0,0.0,1,1,2,14
0.0,0.0,0.0,2,1,2,14
0.0,0.0,0.0,3,1,2,14
0.0,0.0,0.0,4,1,2,14
0.0,0.0,0.0,5,1,2,14
0.0,0.0,0.0,6,1,2,14
0.0,0.0,0.0,7,1,2,14
0.0,0.0,0.0,8,1,2,14
0.0,0.0,0.0,9,1,2,14
0.0,0.0,0.0,10,1,2,14
0.0,0.0,0.0,11,1,2,14
0.0,0.0,0.0,12,1,2,14
0.0,0.0,0.0,13,1,2,14
0.0,0.0,0.0,14,1,2,14
0.0,0.0,0.0,15,1,2,14
0.0,0.0,0.0,16,1,2,14
0.0,0.0,0.0,17,1,2,14
0.0,0.0,0.0,18,1,2,14
0.0,0.0,0.0,19,1,2,14
0.0,0.0,0.0,0,1,2,15
0.0,0.0,0.0,1,1,2,15
0.0,0.0,0.0,2,1,2,15
0.0,0.0,0.0,3,1,2,15
0.0,0.0,0.0,4,1,2,15
0.0,0.0,0.0,5,1,2,15
0.0,0.0,0.0,6,1,2,15
0.0,0.0,0.0,7,1,2,15
0.0,0.0,0.0,8,1,2,15
0.0,0.0,0.0,9,1,2,15
0.0,0.0,0.0,10,1,2,15
0.0,0.0,0.0,11,1,2,15
0.0,0.0,0.0,12,1,2,15
0.0,0.0,0.0,13,1,2,15
0.0,0.0,0.0,14,1,2,15
0.0,0.0,0.0,15,1,2,15
0.0,0.0,0.0,16,1,2,15
0.0,0.0,0.0,17,1,2,15
0.0,0.0,0.0,18,1,2,15
0.0,0.0,0.0,19,1,2,15
0.0,0.0,0.0,0,1,2,16
0.0,0.0,0.0,1,1,2,16
0.0,0.0,0.0,2,1,2,16
0.0,0.0,0.0,3,1,2,16
0.0,0.0,0.0,4,1,2,16
0.0,0.0,0.0,5,1,2,16
0.0,0.0,0.0,6,1,2,16
0.0,0.0,0.0,7,1,2,16
0.0,0.0,0.0,8,1,2,16
0.0,0.0,0.0,9,1,2,16
0.0,0.0,0.0,10,1,2,16
0.0,0.0,0.0,11,1,2,16
0.0,0.0,0.0,12,1,2,16
0.0,0.0,0.0,13,1,2,16
0.0,0.0,0.0,14,1,2,16
0.0,0.0,0.0,15,1,2,16
0.0,0.0,0.0,16,1,2,16
0.0,0.0,0.0,17,1,2,16
0.0,0.0,0.0,18,1,2,16
0.0,0.0,0.0,19,1,2,16
0.0,0.0,0.0,0,1,2,17
0.0,0.0,0.0,1,1,2,17
0.0,0.0,0.0,2,1,2,17
0.0,0.0,0.0,3,1,2,17
0.0,0.0,0.0,4,1,2,17
0.0,0.0,0.0,5,1,2,17
0.0,0.0,0.0,6,1,2,17
0.0,0.0,0.0,7,1,2,17
0.0,0.0,0.0,8,1,2,17
0.0,0.0,0.0,9,1,2,17
0.0,0.0,0.0,10,1,2,17
0.0,0.0,0.0,11,1,2,17
0.0,0.0,0.0,12,1,2,17
0.0,0.0,0.0,13,1,2,17
0.0,0.0,0.0,14,1,2,17
0.0,0.0,0.0,15,1,2,17
0.0,0.0,0.0,16,1,2,17
0.0,0.0,0.0,17,1,2,17
0.0,0.0,0.0,18,1,2,17
0.0,0.0,0.0,19,1,2,17
0.0,0.0,0.0,0,0,3,0
0.0,0.0,0.0,1,0,3,0
0.0,0.0,0.0,2,0,3,0
0.0,0.0,0.0,3,0,3,0
0.0,0.0,0.0,4,0,3,0
0.0,0.0,0.0,5,0,3,0
0.0,0.0,0.0,6,0,3,0
0.0,0.0,0.0,7,0,3,0
0.0,0.0,0.0,8,0,3,0
0.0,0.0,0.0,9,0,3,0
0.0,0.0,0.0,10,0,3,0
0.0,0.0,0.0,11,0,3,0
0.0,0.0,0.0,12,0,3,0
0.0,0.0,0.0,13,0,3,0
0.0,0.0,0.0,14,0,3,0
0.0,0.0,0.0,15,0,3,0
0.0,0.0,0.0,16,0,3,0
0.0,0.0,0.0,17,0,3,0
0.0,0.0,0.0,18,0,3,0
0.0,0.0,0.0,19,0,3,0
0.0,0.0,0.06521200142453044,0,0,3,1
16.31592577560351,0.07649257361479314,0.02416521195991054,1,0,3,1
0.0,0.0,0.0,2,0,3,1
0.0,0.0,0.0,3,0,3,1
0.0,0.0,0.0,4,0,3,1
0.0,0.0,0.0,5,0,3,1
0.0,0.0,0.0,6,0,3,1
0.0,0.0,0.0,7,0,3,1
0.0,0.0,0.0,8,0,3,1
0.0,0.0,0.0,9,0,3,1
0.0,0.0,0.0,10,0,3,1
0.0,0.0,0.0,11,0,3,1
0.0,0.0,0.0,12,0,3,1
0.0,0.0,0.0,13,0,3,1
0.0,0.0,0.0,14,0,3,1
0.0,0.0,0.0,15,0,3,1
0.0,0.0,0.0,16,0,3,1
0.0,0.0,0.0,17,0,3,1
0.0,0.0,0.0,18,0,3,1
0.0,0.0,0.0,19,0,3,1
0.0,0.0,0.0,0,0,3,2
89.02015201678493,0.06197026167386379,0.08142509357125738,1,0,3,2
22.450119391393258,0.0,0.0,2,0,3,2
13.361293801917716,0.0,0.0,3,0,3,2
0.0,0.0,0.0,4,0,3,2
0.0,0.0,0.0,5,0,3,2
0.0,0.0,0.0,6,0,3,2
0.0,0.0,0.0,7,0,3,2
0.0,0.0,0.0,8,0,3,2
0.0,0.0,0.0,9,0,3,2
0.0,0.0,0.0,10,0,3,2
0.0,0.0,0.0,11,0,3,2
0.0,0.0,0.0,12,0,3,2
0.0,0.0,0.0,13,0,3,2
0.0,0.0,0.0,14,0,3,2
0.0,0.0,0.0,15,0,3,2
0.0,0.0,0.0,16,0,3,2
0.0,0.0,0.0,17,0,3,2
0.0,0.0,0.0,18,0,3,2
0.0,0.0,0.0,19,0,3,2
0.0,0.0,0.0,0,0,3,3
0.0,0.03325066619800225,0.08538469912068956,1,0,3,3
46.52629933089483,0.04497282571774343,0.03924881153903245,2,0,3,3
18.57994972253613,0.12180246000204936,0.0,3,0,3,3
0.0,0.0,0.08951658937881907,4,0,3,3
0.0,0.0,0.0,5,0,3,3
0.0,0.0,0.0,6,0,3,3
0.0,0.0,0.0,7,0,3,3
0.0,0.0,0.0,8,0,3,3
0.0,0.0,0.0,9,0,3,3
0.0,0.0,0.0,10,0,3,3
0.0,0.0,0.0,11,0,3,3
0.0,0.0,0.0,12,0,3,3
0.0,0.0,0.0,13,0,3,3
0.0,0.0,0.0,14,0,3,3
0.0,0.0,0.0,15,0,3,3
0.0,0.0,0.0,16,0,3,3
0.0,0.0,0.0,17,0,3,3
0.0,0.0,0.0,18,0,3,3
0.0,0.0,0.0,19,0,3,3
0.0,0.0,0.0,0,0,3,4
59.7480073843194,0.0,0.5501808988902118,1,0,3,4
0.0,0.0,0.0,2,0,3,4
4.65898319640689,0.0,0.0,3,0,3,4
5.960948633676498,0.0,0.0,4,0,3,4
0.0,0.0,0.14678717392651128,5,0,3,4
0.0,0.0,0.0,6,0,3,4
0.0,0.0,0.0,7,0,3,4
0.0,0.0,0.0,8,0,3,4
0.0,0.0,0.0,9,0,3,4
0.0,0.0,0.0,10,0,3,4
0.0,0.0,0.0,11,0,3,4
0.0,0.0,0.0,12,0,3,4
0.0,0.0,0.0,13,0,3,4
0.0,0.0,0.0,14,0,3,4
0.0,0.0,0.0,15,0,3,4
0.0,0.0,0.0,16,0,3,4
0.0,0.0,0.0,17,0,3,4
0.0,0.0,0.0,18,0,3,4
0.0,0.0,0.0,19,0,3,4
0.0,0.0,0.0,0,0,3,5
95.27114472530114,0.0,0.0,1,0,3,5
141.30244398930213,0.0,0.20247590419501094,2,0,3,5
0.0,0.0,0.0,3,0,3,5
0.0,0.0,0.0,4,0,3,5
0.0,0.0,0.0,5,0,3,5
0.0,0.0,0.0,6,0,3,5
0.0,0.0,0.0,7,0,3,5
0.0,0.0,0.0,8,0,3,5
0.0,0.0,0.0,9,0,3,5
0.0,0.0,0.0,10,0,3,5
0.0,0.0,0.0,11,0,3,5
0.0,0.0,0.0,12,0,3,5
0.0,0.0,0.0,13,0,3,5
0.0,0.0,0.0,14,0,3,5
0.0,0.0,0.0,15,0,3,5
0.0,0.0,0.0,16,0,3,5
0.0,0.0,0.0,17,0,3,5
0.0,0.0,0.0,18,0,3,5
0.0,0.0,0.0,19,0,3,5
952.6516160807646,0.0,0.0,0,0,3,6
197.1545668578879,0.0,0.0,1,0,3,6
0.0,0.0,0.0,2,0,3,6
42.625810657315306,0.0,0.0,3,0,3,6
8.663407280471784,0.0,0.12527493912239138,4,0,3,6
17.72071234453617,0.0,0.0,5,0,3,6
0.0,0.0,0.0,6,0,3,6
0.0,0.0,0.0,7,0,3,6
0.0,0.0,0.0,8,0,3,6
0.0,0.0,0.0,9,0,3,6
0.0,0.0,0.0,10,0,3,6
0.0,0.0,0.0,11,0,3,6
0.0,0.0,0.0,12,0,3,6
0.0,0.0,0.0,13,0,3,6
0.0,0.0,0.0,14,0,3,6
0.0,0.0,0.0,15,0,3,6
0.0,0.0,0.0,16,0,3,6
0.0,0.0,0.0,17,0,3,6
0.0,0.0,0.0,18,0,3,6
0.0,0.0,0.0,19,0,3,6
0.0,0.0,0.0,0,0,3,7
0.0,0.0,0.0,1,0,3,7
0.0,0.0,0.0,2,0,3,7
0.0,0.0,0.0,3,0,3,7
0.0,0.0,0.0,4,0,3,7
20.31799131287047,0.0,0.0,5,0,3,7
0.0,0.0,0.0,6,0,3,7
0.0,0.0,0.0,7,0,3,7
0.0,0.0,0.0,8,0,3,7
0.0,0.0,0.0,9,0,3,7
0.0,0.0,0.0,10,0,3,7
0.0,0.0,0.0,11,0,3,7
0.0,0.0,0.0,12,0,3,7
0.0,0.0,0.0,13,0,3,7
0.0,0.0,0.0,14,0,3,7
0.0,0.0,0.0,15,0,3,7
0.0,0.0,0.0,16,0,3,7
0.0,0.0,0.0,17,0,3,7
0.0,0.0,0.0,18,0,3,7
0.0,0.0,0.0,19,0,3,7
0.0,0.0,0.0,0,0,3,8
193.27086951585574,0.0,0.0,1,0,3,8
0.0,0.0,0.0,2,0,3,8
0.0,0.0,0.0,3,0,3,8
23.092874024654495,0.0,0.0,4,0,3,8
0.0,0.0,0.0,5,0,3,8
0.0,0.0,0.0,6,0,3,8
0.0,0.0,0.0,7,0,3,8
0.0,0.0,0.0,8,0,3,8
0.0,0.0,0.0,9,0,3,8
0.0,0.0,0.0,10,0,3,8
0.0,0.0,0.0,11,0,3,8
0.0,0.0,0.0,12,0,3,8
0.0,0.0,0.0,13,0,3,8
0.0,0.0,0.0,14,0,3,8
0.0,0.0,0.0,15,0,3,8
0.0,0.0,0.0,16,0,3,8
0.0,0.0,0.0,17,0,3,8
0.0,0.0,0.0,18,0,3,8
0.0,0.0,0.0,19,0,3,8
0.0,0.0,0.0,0,0,3,9
0.0,0.0,0.0,1,0,3,9
129.4241562471634,0.0,0.0,2,0,3,9
0.0,0.0,0.0,3,0,3,9
25.469168638530398,0.0,0.0,4,0,3,9
0.0,0.0,0.0,5,0,3,9
0.0,0.0,0.0,6,0,3,9
0.0,0.0,0.0,7,0,3,9
0.0,0.0,0.0,8,0,3,9
0.0,0.0,0.0,9,0,3,9
0.0,0.0,0.0,10,0,3,9
0.0,0.0,0.0,11,0,3,9
0.0,0.0,0.0,12,0,3,9
0.0,0.0,0.0,13,0,3,9
0.0,0.0,0.0,14,0,3,9
0.0,0.0,0.0,15,0,3,9
0.0,0.0,0.0,16,0,3,9
0.0,0.0,0.0,17,0,3,9
0.0,0.0,0.0,18,0,3,9
0.0,0.0,0.0,19,0,3,9
335.44569859736237,0.0,0.0,0,0,3,10
0.0,0.0,0.0,1,0,3,10
0.0,0.0,0.0,2,0,3,10
0.0,0.0,0.0,3,0,3,10
9.069764925803296,0.0,0.0,4,0,3,10
0.0,0.0,0.0,5,0,3,10
0.0,0.0,0.0,6,0,3,10
0.0,0.0,0.0,7,0,3,10
0.0,0.0,0.0,8,0,3,10
0.0,0.0,0.0,9,0,3,10
0.0,0.0,0.0,10,0,3,10
0.0,0.0,0.0,11,0,3,10
0.0,0.0,0.0,12,0,3,10
0.0,0.0,0.0,13,0,3,10
0.0,0.0,0.0,14,0,3,10
0.0,0.0,0.0,15,0,3,10
0.0,0.0,0.0,16,0,3,10
0.0,0.0,0.0,17,0,3,10
0.0,0.0,0.0,18,0,3,10
0.0,0.0,0.0,19,0,3,10
0.0,0.0,0.0,0,0,3,11
288.28026103907274,0.0,0.0,1,0,3,11
0.0,0.0,0.0,2,0,3,11
0.0,0.0,0.0,3,0,3,11
0.0,0.0,0.0,4,0,3,11
0.0,0.0,0.0,5,0,3,11
0.0,0.0,0.0,6,0,3,11
0.0,0.0,0.0,7,0,3,11
0.0,0.0,0.0,8,0,3,11
0.0,0.0,0.0,9,0,3,11
0.0,0.0,0.0,10,0,3,11
0.0,0.0,0.0,11,0,3,11
0.0,0.0,0.0,12,0,3,11
0.0,0.0,0.0,13,0,3,11
0.0,0.0,0.0,14,0,3,11
0.0,0.0,0.0,15,0,3,11
0.0,0.0,0.0,16,0,3,11
0.0,0.0,0.0,17,0,3,11
0.0,0.0,0.0,18,0,3,11
0.0,0.0,0.0,19,0,3,11
0.0,0.0,0.0,0,0,3,12
0.0,0.0,0.0,1,0,3,12
0.0,0.0,0.0,2,0,3,12
0.0,0.0,0.0,3,0,3,12
0.0,0.0,0.0,4,0,3,12
0.0,0.0,0.0,5,0,3,12
0.0,0.0,0.0,6,0,3,12
0.0,0.0,0.0,7,0,3,12
0.0,0.0,0.0,8,0,3,12
0.0,0.0,0.0,9,0,3,12
0.0,0.0,0.0,10,0,3,12
0.0,0.0,0.0,11,0,3,12
0.0,0.0,0.0,12,0,3,12
0.0,0.0,0.0,13,0,3,12
0.0,0.0,0.0,14,0,3,12
0.0,0.0,0.0,15,0,3,12
0.0,0.0,0.0,16,0,3,12
0.0,0.0,0.0,17,0,3,12
0.0,0.0,0.0,18,0,3,12
0.0,0.0,0.0,19,0,3,12
0.0,0.0,0.0,0,0,3,13
0.0,0.0,0.0,1,0,3,13
0.0,0.0,0.0,2,0,3,13
0.0,0.0,0.0,3,0,3,13
0.0,0.0,0.0,4,0,3,13
0.0,0.0,0.0,5,0,3,13
0.0,0.0,0.0,6,0,3,13
0.0,0.0,0.0,7,0,3,13
0.0,0.0,0.0,8,0,3,13
0.0,0.0,0.0,9,0,3,13
0.0,0.0,0.0,10,0,3,13
0.0,0.0,0.0,11,0,3,13
0.0,0.0,0.0,12,0,3,13
0.0,0.0,0.0,13,0,3,13
0.0,0.0,0.0,14,0,3,13
0.0,0.0,0.0,15,0,3,13
0.0,0.0,0.0,16,0,3,13
0.0,0.0,0.0,17,0,3,13
0.0,0.0,0.0,18,0,3,13
0.0,0.0,0.0,19,0,3,13
0.0,0.0,0.0,0,0,3,14
0.0,0.0,0.0,1,0,3,14
0.0,0.0,0.0,2,0,3,14
0.0,0.0,0.0,3,0,3,14
0.0,0.0,0.0,4,0,3,14
0.0,0.0,0.0,5,0,3,14
0.0,0.0,0.0,6,0,3,14
0.0,0.0,0.0,7,0,3,14
0.0,0.0,0.0,8,0,3,14
0.0,0.0,0.0,9,0,3,14
0.0,0.0,0.0,10,0,3,14
0.0,0.0,0.0,11,0,3,14
0.0,0.0,0.0,12,0,3,14
0.0,0.0,0.0,13,0,3,14
0.0,0.0,0.0,14,0,3,14
0.0,0.0,0.0,15,0,3,14
0.0,0.0,0.0,16,0,3,14
0.0,0.0,0.0,17,0,3,14
0.0,0.0,0.0,18,0,3,14
0.0,0.0,0.0,19,0,3,14
0.0,0.0,0.0,0,0,3,15
0.0,0.0,0.0,1,0,3,15
0.0,0.0,0.0,2,0,3,15
0.0,0.0,0.0,3,0,3,15
0.0,0.0,0.0,4,0,3,15
0.0,0.0,0.0,5,0,3,15
0.0,0.0,0.0,6,0,3,15
0.0,0.0,0.0,7,0,3,15
0.0,0.0,0.0,8,0,3,15
0.0,0.0,0.0,9,0,3,15
0.0,0.0,0.0,10,0,3,15
0.0,0.0,0.0,11,0,3,15
0.0,0.0,0.0,12,0,3,15
0.0,0.0,0.0,13,0,3,15
0.0,0.0,0.0,14,0,3,15
0.0,0.0,0.0,15,0,3,15
0.0,0.0,0.0,16,0,3,15
0.0,0.0,0.0,17,0,3,15
0.0,0.0,0.0,18,0,3,15
0.0,0.0,0.0,19,0,3,15
0.0,0.0,0.0,0,0,3,16
0.0,0.0,0.0,1,0,3,16
0.0,0.0,0.0,2,0,3,16
0.0,0.0,0.0,3,0,3,16
0.0,0.0,0.0,4,0,3,16
0.0,0.0,0.0,5,0,3,16
0.0,0.0,0.0,6,0,3,16
0.0,0.0,0.0,7,0,3,16
0.0,0.0,0.0,8,0,3,16
0.0,0.0,0.0,9,0,3,16
0.0,0.0,0.0,10,0,3,16
0.0,0.0,0.0,11,0,3,16
0.0,0.0,0.0,12,0,3,16
0.0,0.0,0.0,13,0,3,16
0.0,0.0,0.0,14,0,3,16
0.0,0.0,0.0,15,0,3,16
0.0,0.0,0.0,16,0,3,16
0.0,0.0,0.0,17,0,3,16
0.0,0.0,0.0,18,0,3,16
0.0,0.0,0.0,19,0,3,16
0.0,0.0,0.0,0,0,3,17
0.0,0.0,0.0,1,0,3,17
0.0,0.0,0.0,2,0,3,17
0.0,0.0,0.0,3,0,3,17
0.0,0.0,0.0,4,0,3,17
0.0,0.0,0.0,5,0,3,17
0.0,0.0,0.0,6,0,3,17
0.0,0.0,0.0,7,0,3,17
0.0,0.0,0.0,8,0,3,17
0.0,0.0,0.0,9,0,3,17
0.0,0.0,0.0,10,0,3,17
0.0,0.0,0.0,11,0,3,17
0.0,0.0,0.0,12,0,3,17
0.0,0.0,0.0,13,0,3,17
0.0,0.0,0.0,14,0,3,17
0.0,0.0,0.0,15,0,3,17
0.0,0.0,0.0,16,0,3,17
0.0,0.0,0.0,17,0,3,17
0.0,0.0,0.0,18,0,3,17
0.0,0.0,0.0,19,0,3,17
0.0,0.0,0.0,0,1,3,0
0.0,0.0,0.0,1,1,3,0
0.0,0.0,0.0,2,1,3,0
0.0,0.0,0.0,3,1,3,0
0.0,0.0,0.0,4,1,3,0
0.0,0.0,0.0,5,1,3,0
0.0,0.0,0.0,6,1,3,0
0.0,0.0,0.0,7,1,3,0
0.0,0.0,0.0,8,1,3,0
0.0,0.0,0.0,9,1,3,0
0.0,0.0,0.0,10,1,3,0
0.0,0.0,0.0,11,1,3,0
0.0,0.0,0.0,12,1,3,0
0.0,0.0,0.0,13,1,3,0
0.0,0.0,0.0,14,1,3,0
0.0,0.0,0.0,15,1,3,0
0.0,0.0,0.0,16,1,3,0
0.0,0.0,0.0,17,1,3,0
0.0,0.0,0.0,18,1,3,0
0.0,0.0,0.0,19,1,3,0
137.68457325733337,0.0375091597000938,0.0,0,1,3,1
0.0,0.02146154469907143,0.0,1,1,3,1
22.86036640650887,0.0,0.12932000220309622,2,1,3,1
0.0,0.0,0.0,3,1,3,1
0.0,0.0,0.0,4,1,3,1
0.0,0.0,0.0,5,1,3,1
0.0,0.0,0.0,6,1,3,1
0.0,0.0,0.0,7,1,3,1
0.0,0.0,0.0,8,1,3,1
0.0,0.0,0.0,9,1,3,1
0.0,0.0,0.0,10,1,3,1
0.0,0.0,0.0,11,1,3,1
0.0,0.0,0.0,12,1,3,1
0.0,0.0,0.0,13,1,3,1
0.0,0.0,0.0,14,1,3,1
0.0,0.0,0.0,15,1,3,1
0.0,0.0,0.0,16,1,3,1
0.0,0.0,0.0,17,1,3,1
0.0,0.0,0.0,18,1,3,1
0.0,0.0,0.0,19,1,3,1
0.0,0.0,0.0,0,1,3,2
85.66917761783836,0.0,0.0,1,1,3,2
28.110509356549493,0.04534418143744012,0.045287739166263316,2,1,3,2
20.205864833460843,0.04176465862673489,0.05152199657968076,3,1,3,2
0.0,0.23924327896296693,0.1157181157788558,4,1,3,2
0.0,0.0,0.0,5,1,3,2
0.0,0.0,0.0,6,1,3,2
0.0,0.0,0.0,7,1,3,2
0.0,0.0,0.0,8,1,3,2
0.0,0.0,0.0,9,1,3,2
0.0,0.0,0.0,10,1,3,2
0.0,0.0,0.0,11,1,3,2
0.0,0.0,0.0,12,1,3,2
0.0,0.0,0.0,13,1,3,2
0.0,0.0,0.0,14,1,3,2
0.0,0.0,0.0,15,1,3,2
0.0,0.0,0.0,16,1,3,2
0.0,0.0,0.0,17,1,3,2
0.0,0.0,0.0,18,1,3,2
0.0,0.0,0.0,19,1,3,2
1881.2032526764835,0.0,0.0,0,1,3,3
0.0,0.0,0.0,1,1,3,3
38.19986879039878,0.0523387604681344,0.0,2,1,3,3
1.9659604898965635,0.0479098375907635,0.04086574129957088,3,1,3,3
0.0,0.0,0.004681234406895748,4,1,3,3
0.0,0.031134456416424264,0.16250277970877497,5,1,3,3
0.0,0.0,0.0,6,1,3,3
0.0,0.0,0.0,7,1,3,3
0.0,0.0,0.0,8,1,3,3
0.0,0.0,0.0,9,1,3,3
0.0,0.0,0.0,10,1,3,3
0.0,0.0,0.0,11,1,3,3
0.0,0.0,0.0,12,1,3,3
0.0,0.0,0.0,13,1,3,3
0.0,0.0,0.0,14,1,3,3
0.0,0.0,0.0,15,1,3,3
0.0,0.0,0.0,16,1,3,3
0.0,0.0,0.0,17,1,3,3
0.0,0.0,0.0,18,1,3,3
0.0,0.0,0.0,19,1,3,3
0.0,0.0,0.0,0,1,3,4
0.0,0.0,0.0,1,1,3,4
0.0,0.0,0.0,2,1,3,4
36.049774633172106,0.0,0.0,3,1,3,4
0.0,0.08423156806943997,0.0,4,1,3,4
17.43011147769338,0.07556907312964563,0.11640852840558562,5,1,3,4
0.0,0.06372109199804335,0.06257611009536379,6,1,3,4
0.0,0.0,0.16874985632358327,7,1,3,4
0.0,0.0,0.0,8,1,3,4
0.0,0.0,0.0,9,1,3,4
0.0,0.0,0.0,10,1,3,4
0.0,0.0,0.0,11,1,3,4
0.0,0.0,0.0,12,1,3,4
0.0,0.0,0.0,13,1,3,4
0.0,0.0,0.0,14,1,3,4
0.0,0.0,0.0,15,1,3,4
0.0,0.0,0.0,16,1,3,4
0.0,0.0,0.0,17,1,3,4
0.0,0.0,0.0,18,1,3,4
0.0,0.0,0.0,19,1,3,4
0.0,0.0,0.0,0,1,3,5
220.14842641267,0.0,0.0,1,1,3,5
0.0,0.0,0.0,2,1,3,5
101.5722524677886,0.0,0.12417184263250997,3,1,3,5
94.59934250777833,0.0,0.24021097426858895,4,1,3,5
0.0,0.0,0.0,5,1,3,5
0.0,0.0,0.0,6,1,3,5
23.08045027860731,0.0,0.0,7,1,3,5
11.065586005640306,0.0,0.13853684706491765,8,1,3,5
0.0,0.0,0.0,9,1,3,5
0.0,0.0,0.0,10,1,3,5
0.0,0.0,0.0,11,1,3,5
0.0,0.0,0.0,12,1,3,5
0.0,0.0,0.0,13,1,3,5
0.0,0.0,0.0,14,1,3,5
0.0,0.0,0.0,15,1,3,5
0.0,0.0,0.0,16,1,3,5
0.0,0.0,0.0,17,1,3,5
0.0,0.0,0.0,18,1,3,5
0.0,0.0,0.0,19,1,3,5
0.0,0.0,0.0,0,1,3,6
0.0,0.0,0.0,1,1,3,6
0.0,0.0,0.0,2,1,3,6
105.24024170533929,0.0,0.0,3,1,3,6
0.0,0.0,0.0,4,1,3,6
37.20151279779861,0.0,0.0,5,1,3,6
0.0,0.0,0.0,6,1,3,6
0.0,0.0,0.0,7,1,3,6
0.0,0.0,0.17873638702785408,8,1,3,6
0.0,0.0,0.4182696959070636,9,1,3,6
0.0,0.0,0.0,10,1,3,6
0.0,0.0,0.0,11,1,3,6
0.0,0.0,0.0,12,1,3,6
0.0,0.0,0.0,13,1,3,6
0.0,0.0,0.0,14,1,3,6
0.0,0.0,0.0,15,1,3,6
0.0,0.0,0.0,16,1,3,6
0.0,0.0,0.0,17,1,3,6
0.0,0.0,0.0,18,1,3,6
0.0,0.0,0.0,19,1,3,6
0.0,0.0,0.0,0,1,3,7
0.0,0.0,0.0,1,1,3,7
0.0,0.0,0.0,2,1,3,7
8.21346990139184,0.0,0.0,3,1,3,7
26.203530726118164,0.0,0.0,4,1,3,7
0.0,0.0,0.0,5,1,3,7
66.62370866989185,0.0,0.0,6,1,3,7
23.24983690073758,0.0,0.0,7,1,3,7
0.0,0.0,0.0,8,1,3,7
0.0,0.0,0.0,9,1,3,7
0.0,0.0,0.0,10,1,3,7
0.0,0.0,0.0,11,1,3,7
0.0,0.0,0.0,12,1,3,7
0.0,0.0,0.0,13,1,3,7
0.0,0.0,0.0,14,1,3,7
0.0,0.0,0.0,15,1,3,7
0.0,0.0,0.0,16,1,3,7
0.0,0.0,0.0,17,1,3,7
0.0,0.0,0.0,18,1,3,7
0.0,0.0,0.0,19,1,3,7
0.0,0.0,0.0,0,1,3,8
0.0,0.0,0.0,1,1,3,8
215.42651266848017,0.0,0.0,2,1,3,8
42.27821769995343,0.0,0.0,3,1,3,8
0.0,0.0,0.0,4,1,3,8
0.0,0.0,0.0,5,1,3,8
0.0,0.0,0.0,6,1,3,8
0.0,0.0,0.0,7,1,3,8
0.0,0.0,0.0,8,1,3,8
0.0,0.0,0.0,9,1,3,8
0.0,0.0,0.0,10,1,3,8
0.0,0.0,0.0,11,1,3,8
0.0,0.0,0.0,12,1,3,8
0.0,0.0,0.0,13,1,3,8
0.0,0.0,0.0,14,1,3,8
0.0,0.0,0.0,15,1,3,8
0.0,0.0,0.0,16,1,3,8
0.0,0.0,0.0,17,1,3,8
0.0,0.0,0.0,18,1,3,8
0.0,0.0,0.0,19,1,3,8
0.0,0.0,0.0,0,1,3,9
1134.4619864386543,0.0,0.0,1,1,3,9
0.0,0.0,0.0,2,1,3,9
0.0,0.0,0.0,3,1,3,9
70.17725576977314,0.0,0.0,4,1,3,9
0.0,0.0,0.0,5,1,3,9
0.0,0.0,0.0,6,1,3,9
0.0,0.0,0.0,7,1,3,9
0.0,0.0,0.0,8,1,3,9
0.0,0.0,0.0,9,1,3,9
0.0,0.0,0.0,10,1,3,9
0.0,0.0,0.0,11,1,3,9
0.0,0.0,0.0,12,1,3,9
0.0,0.0,0.0,13,1,3,9
0.0,0.0,0.0,14,1,3,9
0.0,0.0,0.0,15,1,3,9
0.0,0.0,0.0,16,1,3,9
0.0,0.0,0.0,17,1,3,9
0.0,0.0,0.0,18,1,3,9
0.0,0.0,0.0,19,1,3,9
0.0,0.0,0.0,0,1,3,10
0.0,0.0,0.0,1,1,3,10
0.0,0.0,0.0,2,1,3,10
76.87401184373252,0.0,0.0,3,1,3,10
0.0,0.0,0.0,4,1,3,10
52.175716347984256,0.0,0.0,5,1,3,10
0.0,0.0,0.0,6,1,3,10
34.95246923443117,0.0,0.0,7,1,3,10
0.0,0.0,0.0,8,1,3,10
0.0,0.0,0.0,9,1,3,10
0.0,0.0,0.0,10,1,3,10
0.0,0.0,0.0,11,1,3,10
0.0,0.0,0.0,12,1,3,10
0.0,0.0,0.0,13,1,3,10
0.0,0.0,0.0,14,1,3,10
0.0,0.0,0.0,15,1,3,10
0.0,0.0,0.0,16,1,3,10
0.0,0.0,0.0,17,1,3,10
0.0,0.0,0.0,18,1,3,10
0.0,0.0,0.0,19,1,3,10
0.0,0.0,0.0,0,1,3,11
0.0,0.0,0.0,1,1,3,11
0.0,0.0,0.0,2,1,3,11
0.0,0.0,0.0,3,1,3,11
0.0,0.0,0.0,4,1,3,11
0.0,0.0,0.0,5,1,3,11
0.0,0.0,0.0,6,1,3,11
0.0,0.0,0.0,7,1,3,11
0.0,0.0,0.0,8,1,3,11
0.0,0.0,0.0,9,1,3,11
0.0,0.0,0.0,10,1,3,11
0.0,0.0,0.0,11,1,3,11
0.0,0.0,0.0,12,1,3,11
0.0,0.0,0.0,13,1,3,11
0.0,0.0,0.0,14,1,3,11
0.0,0.0,0.0,15,1,3,11
0.0,0.0,0.0,16,1,3,11
0.0,0.0,0.0,17,1,3,11
0.0,0.0,0.0,18,1,3,11
0.0,0.0,0.0,19,1,3,11
308.18812967239444,0.0,0.0,0,1,3,12
0.0,0.0,0.0,1,1,3,12
0.0,0.0,0.0,2,1,3,12
0.0,0.0,0.0,3,1,3,12
0.0,0.0,0.0,4,1,3,12
311.4385378915467,0.0,0.0,5,1,3,12
0.0,0.0,0.0,6,1,3,12
0.0,0.0,0.0,7,1,3,12
0.0,0.0,0.0,8,1,3,12
0.0,0.0,0.0,9,1,3,12
0.0,0.0,0.0,10,1,3,12
0.0,0.0,0.0,11,1,3,12
0.0,0.0,0.0,12,1,3,12
0.0,0.0,0.0,13,1,3,12
0.0,0.0,0.0,14,1,3,12
0.0,0.0,0.0,15,1,3,12
0.0,0.0,0.0,16,1,3,12
0.0,0.0,0.0,17,1,3,12
0.0,0.0,0.0,18,1,3,12
0.0,0.0,0.0,19,1,3,12
0.0,0.0,0.0,0,1,3,13
0.0,0.0,0.0,1,1,3,13
0.0,0.0,0.0,2,1,3,13
0.0,0.0,0.0,3,1,3,13
0.0,8314.444790438998,7396.378578141168,4,1,3,13
0.0,0.0,0.0,5,1,3,13
0.0,0.0,0.0,6,1,3,13
0.0,0.0,0.0,7,1,3,13
0.0,0.0,0.0,8,1,3,13
0.0,0.0,0.0,9,1,3,13
0.0,0.0,0.0,10,1,3,13
0.0,0.0,0.0,11,1,3,13
0.0,0.0,0.0,12,1,3,13
0.0,0.0,0.0,13,1,3,13
0.0,0.0,0.0,14,1,3,13
0.0,0.0,0.0,15,1,3,13
0.0,0.0,0.0,16,1,3,13
0.0,0.0,0.0,17,1,3,13
0.0,0.0,0.0,18,1,3,13
0.0,0.0,0.0,19,1,3,13
0.0,0.0,0.0,0,1,3,14
0.0,0.0,0.0,1,1,3,14
0.0,0.0,0.0,2,1,3,14
0.0,0.0,0.0,3,1,3,14
0.0,0.0,0.0,4,1,3,14
0.0,0.0,0.0,5,1,3,14
0.0,0.0,0.0,6,1,3,14
0.0,0.0,0.0,7,1,3,14
0.0,0.0,0.0,8,1,3,14
0.0,0.0,0.0,9,1,3,14
0.0,0.0,0.0,10,1,3,14
0.0,0.0,0.0,11,1,3,14
0.0,0.0,0.0,12,1,3,14
0.0,0.0,0.0,13,1,3,14
0.0,0.0,0.0,14,1,3,14
0.0,0.0,0.0,15,1,3,14
0.0,0.0,0.0,16,1,3,14
0.0,0.0,0.0,17,1,3,14
0.0,0.0,0.0,18,1,3,14
0.0,0.0,0.0,19,1,3,14
0.0,0.0,0.0,0,1,3,15
0.0,0.0,0.0,1,1,3,15
0.0,0.0,0.0,2,1,3,15
0.0,0.0,0.0,3,1,3,15
0.0,0.0,0.0,4,1,3,15
0.0,0.0,0.0,5,1,3,15
0.0,0.0,0.0,6,1,3,15
0.0,0.0,0.0,7,1,3,15
0.0,0.0,0.0,8,1,3,15
0.0,0.0,0.0,9,1,3,15
0.0,0.0,0.0,10,1,3,15
0.0,0.0,0.0,11,1,3,15
0.0,0.0,0.0,12,1,3,15
0.0,0.0,0.0,13,1,3,15
0.0,0.0,0.0,14,1,3,15
0.0,0.0,0.0,15,1,3,15
0.0,0.0,0.0,16,1,3,15
0.0,0.0,0.0,17,1,3,15
0.0,0.0,0.0,18,1,3,15
0.0,0.0,0.0,19,1,3,15
0.0,0.0,0.0,0,1,3,16
0.0,0.0,0.0,1,1,3,16
0.0,0.0,0.0,2,1,3,16
0.0,0.0,0.0,3,1,3,16
0.0,0.0,0.0,4,1,3,16
0.0,0.0,0.0,5,1,3,16
0.0,0.0,0.0,6,1,3,16
0.0,0.0,0.0,7,1,3,16
0.0,0.0,0.0,8,1,3,16
0.0,0.0,0.0,9,1,3,16
0.0,0.0,0.0,10,1,3,16
0.0,0.0,0.0,11,1,3,16
0.0,0.0,0.0,12,1,3,16
0.0,0.0,0.0,13,1,3,16
0.0,0.0,0.0,14,1,3,16
0.0,0.0,0.0,15,1,3,16
0.0,0.0,0.0,16,1,3,16
0.0,0.0,0.0,17,1,3,16
0.0,0.0,0.0,18,1,3,16
0.0,0.0,0.0,19,1,3,16
0.0,0.0,0.0,0,1,3,17
0.0,0.0,0.0,1,1,3,17
0.0,0.0,0.0,2,1,3,17
0.0,0.0,0.0,3,1,3,17
0.0,0.0,0.0,4,1,3,17
0.0,0.0,0.0,5,1,3,17
0.0,0.0,0.0,6,1,3,17
0.0,0.0,0.0,7,1,3,17
0.0,0.0,0.0,8,1,3,17
0.0,0.0,0.0,9,1,3,17
0.0,0.0,0.0,10,1,3,17
0.0,0.0,0.0,11,1,3,17
0.0,0.0,0.0,12,1,3,17
0.0,0.0,0.0,13,1,3,17
0.0,0.0,0.0,14,1,3,17
0.0,0.0,0.0,15,1,3,17
0.0,0.0,0.0,16,1,3,17
0.0,0.0,0.0,17,1,3,17
0.0,0.0,0.0,18,1,3,17
0.0,0.0,0.0,19,1,3,17
0.0,0.0,0.0,0,0,4,0
0.0,0.0,0.0,1,0,4,0
0.0,0.0,0.0,2,0,4,0
0.0,0.0,0.0,3,0,4,0
0.0,0.0,0.0,4,0,4,0
0.0,0.0,0.0,5,0,4,0
0.0,0.0,0.0,6,0,4,0
0.0,0.0,0.0,7,0,4,0
0.0,0.0,0.0,8,0,4,0
0.0,0.0,0.0,9,0,4,0
0.0,0.0,0.0,10,0,4,0
0.0,0.0,0.0,11,0,4,0
0.0,0.0,0.0,12,0,4,0
0.0,0.0,0.0,13,0,4,0
0.0,0.0,0.0,14,0,4,0
0.0,0.0,0.0,15,0,4,0
0.0,0.0,0.0,16,0,4,0
0.0,0.0,0.0,17,0,4,0
0.0,0.0,0.0,18,0,4,0
0.0,0.0,0.0,19,0,4,0
0.0,0.0,0.0,0,0,4,1
48.61614588383686,0.05975695253601975,0.07978602530432949,1,0,4,1
0.0,0.0,0.0,2,0,4,1
0.0,0.0,0.0,3,0,4,1
0.0,0.0,0.0,4,0,4,1
0.0,0.0,0.0,5,0,4,1
0.0,0.0,0.0,6,0,4,1
0.0,0.0,0.0,7,0,4,1
0.0,0.0,0.0,8,0,4,1
0.0,0.0,0.0,9,0,4,1
0.0,0.0,0.0,10,0,4,1
0.0,0.0,0.0,11,0,4,1
0.0,0.0,0.0,12,0,4,1
0.0,0.0,0.0,13,0,4,1
0.0,0.0,0.0,14,0,4,1
0.0,0.0,0.0,15,0,4,1
0.0,0.0,0.0,16,0,4,1
0.0,0.0,0.0,17,0,4,1
0.0,0.0,0.0,18,0,4,1
0.0,0.0,0.0,19,0,4,1
0.0,0.0,0.0,0,0,4,2
0.0,0.12085577109446267,0.0,1,0,4,2
3.9169536239840843,0.12430179212150598,0.09585266666973574,2,0,4,2
0.0,0.0,0.0,3,0,4,2
0.0,0.0,0.0,4,0,4,2
0.0,0.0,0.0,5,0,4,2
0.0,0.0,0.0,6,0,4,2
0.0,0.0,0.0,7,0,4,2
0.0,0.0,0.0,8,0,4,2
0.0,0.0,0.0,9,0,4,2
0.0,0.0,0.0,10,0,4,2
0.0,0.0,0.0,11,0,4,2
0.0,0.0,0.0,12,0,4,2
0.0,0.0,0.0,13,0,4,2
0.0,0.0,0.0,14,0,4,2
0.0,0.0,0.0,15,0,4,2
0.0,0.0,0.0,16,0,4,2
0.0,0.0,0.0,17,0,4,2
0.0,0.0,0.0,18,0,4,2
0.0,0.0,0.0,19,0,4,2
0.0,0.0,0.0,0,0,4,3
0.0,0.0,0.0,1,0,4,3
34.5226392756077,0.06368949472841576,0.0,2,0,4,3
10.203159415994321,0.1544106978083721,0.0,3,0,4,3
0.0,0.0,0.0,4,0,4,3
0.0,0.0,0.0,5,0,4,3
0.0,0.0,0.0,6,0,4,3
0.0,0.0,0.0,7,0,4,3
0.0,0.0,0.0,8,0,4,3
0.0,0.0,0.0,9,0,4,3
0.0,0.0,0.0,10,0,4,3
0.0,0.0,0.0,11,0,4,3
0.0,0.0,0.0,12,0,4,3
0.0,0.0,0.0,13,0,4,3
0.0,0.0,0.0,14,0,4,3
0.0,0.0,0.0,15,0,4,3
0.0,0.0,0.0,16,0,4,3
0.0,0.0,0.0,17,0,4,3
0.0,0.0,0.0,18,0,4,3
0.0,0.0,0.0,19,0,4,3
0.0,0.0,0.0,0,0,4,4
17.750196419066317,0.0,0.0,1,0,4,4
69.21071665571979,0.0,0.0,2,0,4,4
0.0,0.0,0.0,3,0,4,4
13.777914242812212,0.0,0.0,4,0,4,4
11.173862288316073,0.0,0.0,5,0,4,4
0.0,0.0,0.0,6,0,4,4
0.0,0.0,0.0,7,0,4,4
0.0,0.0,0.0,8,0,4,4
0.0,0.0,0.0,9,0,4,4
0.0,0.0,0.0,10,0,4,4
0.0,0.0,0.0,11,0,4,4
0.0,0.0,0.0,12,0,4,4
0.0,0.0,0.0,13,0,4,4
0.0,0.0,0.0,14,0,4,4
0.0,0.0,0.0,15,0,4,4
0.0,0.0,0.0,16,0,4,4
0.0,0.0,0.0,17,0,4,4
0.0,0.0,0.0,18,0,4,4
0.0,0.0,0.0,19,0,4,4
0.0,0.0,0.0,0,0,4,5
0.0,0.0,0.0,1,0,4,5
42.31817305319593,0.0,0.0,2,0,4,5
59.33637060614771,0.0,0.0,3,0,4,5
0.0,0.0,0.0,4,0,4,5
0.0,0.0,0.0,5,0,4,5
0.0,0.0,0.0,6,0,4,5
0.0,0.0,0.0,7,0,4,5
0.0,0.0,0.0,8,0,4,5
0.0,0.0,0.0,9,0,4,5
0.0,0.0,0.0,10,0,4,5
0.0,0.0,0.0,11,0,4,5
0.0,0.0,0.0,12,0,4,5
0.0,0.0,0.0,13,0,4,5
0.0,0.0,0.0,14,0,4,5
0.0,0.0,0.0,15,0,4,5
0.0,0.0,0.0,16,0,4,5
0.0,0.0,0.0,17,0,4,5
0.0,0.0,0.0,18,0,4,5
0.0,0.0,0.0,19,0,4,5
0.0,0.0,0.0,0,0,4,6
0.0,0.0,0.0,1,0,4,6
0.0,0.0,0.0,2,0,4,6
0.0,0.0,0.0,3,0,4,6
0.0,0.0,0.0,4,0,4,6
0.0,0.0,0.0,5,0,4,6
0.0,0.0,0.0,6,0,4,6
0.0,0.0,0.0,7,0,4,6
0.0,0.0,0.0,8,0,4,6
0.0,0.0,0.0,9,0,4,6
0.0,0.0,0.0,10,0,4,6
0.0,0.0,0.0,11,0,4,6
0.0,0.0,0.0,12,0,4,6
0.0,0.0,0.0,13,0,4,6
0.0,0.0,0.0,14,0,4,6
0.0,0.0,0.0,15,0,4,6
0.0,0.0,0.0,16,0,4,6
0.0,0.0,0.0,17,0,4,6
0.0,0.0,0.0,18,0,4,6
0.0,0.0,0.0,19,0,4,6
0.0,0.0,0.0,0,0,4,7
0.0,0.0,0.0,1,0,4,7
0.0,0.0,0.0,2,0,4,7
0.0,0.0,0.0,3,0,4,7
0.0,0.0,0.0,4,0,4,7
0.0,0.0,0.0,5,0,4,7
0.0,0.0,0.0,6,0,4,7
0.0,0.0,0.0,7,0,4,7
0.0,0.0,0.0,8,0,4,7
0.0,0.0,0.0,9,0,4,7
0.0,0.0,0.0,10,0,4,7
0.0,0.0,0.0,11,0,4,7
0.0,0.0,0.0,12,0,4,7
0.0,0.0,0.0,13,0,4,7
0.0,0.0,0.0,14,0,4,7
0.0,0.0,0.0,15,0,4,7
0.0,0.0,0.0,16,0,4,7
0.0,0.0,0.0,17,0,4,7
0.0,0.0,0.0,18,0,4,7
0.0,0.0,0.0,19,0,4,7
0.0,0.0,0.0,0,0,4,8
0.0,0.0,0.0,1,0,4,8
0.0,0.0,0.0,2,0,4,8
0.0,0.0,0.0,3,0,4,8
0.0,0.0,0.0,4,0,4,8
0.0,0.0,0.0,5,0,4,8
0.0,0.0,0.0,6,0,4,8
0.0,0.0,0.0,7,0,4,8
0.0,0.0,0.0,8,0,4,8
0.0,0.0,0.0,9,0,4,8
0.0,0.0,0.0,10,0,4,8
0.0,0.0,0.0,11,0,4,8
0.0,0.0,0.0,12,0,4,8
0.0,0.0,0.0,13,0,4,8
0.0,0.0,0.0,14,0,4,8
0.0,0.0,0.0,15,0,4,8
0.0,0.0,0.0,16,0,4,8
0.0,0.0,0.0,17,0,4,8
0.0,0.0,0.0,18,0,4,8
0.0,0.0,0.0,19,0,4,8
0.0,0.0,0.0,0,0,4,9
0.0,0.0,0.0,1,0,4,9
0.0,0.0,0.0,2,0,4,9
0.0,0.0,0.0,3,0,4,9
0.0,0.0,0.0,4,0,4,9
0.0,0.0,0.0,5,0,4,9
0.0,0.0,0.0,6,0,4,9
0.0,0.0,0.0,7,0,4,9
0.0,0.0,0.0,8,0,4,9
0.0,0.0,0.0,9,0,4,9
0.0,0.0,0.0,10,0,4,9
0.0,0.0,0.0,11,0,4,9
0.0,0.0,0.0,12,0,4,9
0.0,0.0,0.0,13,0,4,9
0.0,0.0,0.0,14,0,4,9
0.0,0.0,0.0,15,0,4,9
0.0,0.0,0.0,16,0,4,9
0.0,0.0,0.0,17,0,4,9
0.0,0.0,0.0,18,0,4,9
0.0,0.0,0.0,19,0,4,9
0.0,0.0,0.0,0,0,4,10
0.0,0.0,0.0,1,0,4,10
0.0,0.0,0.0,2,0,4,10
0.0,0.0,0.0,3,0,4,10
0.0,0.0,0.0,4,0,4,10
0.0,0.0,0.0,5,0,4,10
0.0,0.0,0.0,6,0,4,10
0.0,0.0,0.0,7,0,4,10
0.0,0.0,0.0,8,0,4,10
0.0,0.0,0.0,9,0,4,10
0.0,0.0,0.0,10,0,4,10
0.0,0.0,0.0,11,0,4,10
0.0,0.0,0.0,12,0,4,10
0.0,0.0,0.0,13,0,4,10
0.0,0.0,0.0,14,0,4,10
0.0,0.0,0.0,15,0,4,10
0.0,0.0,0.0,16,0,4,10
0.0,0.0,0.0,17,0,4,10
0.0,0.0,0.0,18,0,4,10
0.0,0.0,0.0,19,0,4,10
0.0,0.0,0.0,0,0,4,11
0.0,0.0,0.0,1,0,4,11
0.0,0.0,0.0,2,0,4,11
0.0,0.0,0.0,3,0,4,11
0.0,0.0,0.0,4,0,4,11
0.0,0.0,0.0,5,0,4,11
0.0,0.0,0.0,6,0,4,11
0.0,0.0,0.0,7,0,4,11
0.0,0.0,0.0,8,0,4,11
0.0,0.0,0.0,9,0,4,11
0.0,0.0,0.0,10,0,4,11
0.0,0.0,0.0,11,0,4,11
0.0,0.0,0.0,12,0,4,11
0.0,0.0,0.0,13,0,4,11
0.0,0.0,0.0,14,0,4,11
0.0,0.0,0.0,15,0,4,11
0.0,0.0,0.0,16,0,4,11
0.0,0.0,0.0,17,0,4,11
0.0,0.0,0.0,18,0,4,11
0.0,0.0,0.0,19,0,4,11
0.0,0.0,0.0,0,0,4,12
0.0,0.0,0.0,1,0,4,12
0.0,0.0,0.0,2,0,4,12
0.0,0.0,0.0,3,0,4,12
0.0,0.0,0.0,4,0,4,12
0.0,0.0,0.0,5,0,4,12
0.0,0.0,0.0,6,0,4,12
0.0,0.0,0.0,7,0,4,12
0.0,0.0,0.0,8,0,4,12
0.0,0.0,0.0,9,0,4,12
0.0,0.0,0.0,10,0,4,12
0.0,0.0,0.0,11,0,4,12
0.0,0.0,0.0,12,0,4,12
0.0,0.0,0.0,13,0,4,12
0.0,0.0,0.0,14,0,4,12
0.0,0.0,0.0,15,0,4,12
0.0,0.0,0.0,16,0,4,12
0.0,0.0,0.0,17,0,4,12
0.0,0.0,0.0,18,0,4,12
0.0,0.0,0.0,19,0,4,12
0.0,0.0,0.0,0,0,4,13
0.0,0.0,0.0,1,0,4,13
0.0,0.0,0.0,2,0,4,13
0.0,0.0,0.0,3,0,4,13
0.0,0.0,0.0,4,0,4,13
0.0,0.0,0.0,5,0,4,13
0.0,0.0,0.0,6,0,4,13
0.0,0.0,0.0,7,0,4,13
0.0,0.0,0.0,8,0,4,13
0.0,0.0,0.0,9,0,4,13
0.0,0.0,0.0,10,0,4,13
0.0,0.0,0.0,11,0,4,13
0.0,0.0,0.0,12,0,4,13
0.0,0.0,0.0,13,0,4,13
0.0,0.0,0.0,14,0,4,13
0.0,0.0,0.0,15,0,4,13
0.0,0.0,0.0,16,0,4,13
0.0,0.0,0.0,17,0,4,13
0.0,0.0,0.0,18,0,4,13
0.0,0.0,0.0,19,0,4,13
0.0,0.0,0.0,0,0,4,14
0.0,0.0,0.0,1,0,4,14
0.0,0.0,0.0,2,0,4,14
0.0,0.0,0.0,3,0,4,14
0.0,0.0,0.0,4,0,4,14
0.0,0.0,0.0,5,0,4,14
0.0,0.0,0.0,6,0,4,14
0.0,0.0,0.0,7,0,4,14
0.0,0.0,0.0,8,0,4,14
0.0,0.0,0.0,9,0,4,14
0.0,0.0,0.0,10,0,4,14
0.0,0.0,0.0,11,0,4,14
0.0,0.0,0.0,12,0,4,14
0.0,0.0,0.0,13,0,4,14
0.0,0.0,0.0,14,0,4,14
0.0,0.0,0.0,15,0,4,14
0.0,0.0,0.0,16,0,4,14
0.0,0.0,0.0,17,0,4,14
0.0,0.0,0.0,18,0,4,14
0.0,0.0,0.0,19,0,4,14
0.0,0.0,0.0,0,0,4,15
0.0,0.0,0.0,1,0,4,15
0.0,0.0,0.0,2,0,4,15
0.0,0.0,0.0,3,0,4,15
0.0,0.0,0.0,4,0,4,15
0.0,0.0,0.0,5,0,4,15
0.0,0.0,0.0,6,0,4,15
0.0,0.0,0.0,7,0,4,15
0.0,0.0,0.0,8,0,4,15
0.0,0.0,0.0,9,0,4,15
0.0,0.0,0.0,10,0,4,15
0.0,0.0,0.0,11,0,4,15
0.0,0.0,0.0,12,0,4,15
0.0,0.0,0.0,13,0,4,15
0.0,0.0,0.0,14,0,4,15
0.0,0.0,0.0,15,0,4,15
0.0,0.0,0.0,16,0,4,15
0.0,0.0,0.0,17,0,4,15
0.0,0.0,0.0,18,0,4,15
0.0,0.0,0.0,19,0,4,15
0.0,0.0,0.0,0,0,4,16
0.0,0.0,0.0,1,0,4,16
0.0,0.0,0.0,2,0,4,16
0.0,0.0,0.0,3,0,4,16
0.0,0.0,0.0,4,0,4,16
0.0,0.0,0.0,5,0,4,16
0.0,0.0,0.0,6,0,4,16
0.0,0.0,0.0,7,0,4,16
0.0,0.0,0.0,8,0,4,16
0.0,0.0,0.0,9,0,4,16
0.0,0.0,0.0,10,0,4,16
0.0,0.0,0.0,11,0,4,16
0.0,0.0,0.0,12,0,4,16
0.0,0.0,0.0,13,0,4,16
0.0,0.0,0.0,14,0,4,16
0.0,0.0,0.0,15,0,4,16
0.0,0.0,0.0,16,0,4,16
0.0,0.0,0.0,17,0,4,16
0.0,0.0,0.0,18,0,4,16
0.0,0.0,0.0,19,0,4,16
0.0,0.0,0.0,0,0,4,17
0.0,0.0,0.0,1,0,4,17
0.0,0.0,0.0,2,0,4,17
0.0,0.0,0.0,3,0,4,17
0.0,0.0,0.0,4,0,4,17
0.0,0.0,0.0,5,0,4,17
0.0,0.0,0.0,6,0,4,17
0.0,0.0,0.0,7,0,4,17
0.0,0.0,0.0,8,0,4,17
0.0,0.0,0.0,9,0,4,17
0.0,0.0,0.0,10,0,4,17
0.0,0.0,0.0,11,0,4,17
0.0,0.0,0.0,12,0,4,17
0.0,0.0,0.0,13,0,4,17
0.0,0.0,0.0,14,0,4,17
0.0,0.0,0.0,15,0,4,17
0.0,0.0,0.0,16,0,4,17
0.0,0.0,0.0,17,0,4,17
0.0,0.0,0.0,18,0,4,17
0.0,0.0,0.0,19,0,4,17
